filename,filepath,original_subfolder,macro_class_index,macro_class_name,split_multiclass_3class
Escorregamento_1.wav,Base_de_Dados\Escorregamento\Escorregamento_1.wav,Escorregamento,1,Continuous_Friction_and_Wear,train
Escorregamento_10.wav,Base_de_Dados\Escorregamento\Escorregamento_10.wav,Escorregamento,1,Continuous_Friction_and_Wear,test
Escorregamento_100.wav,Base_de_Dados\Escorregamento\Escorregamento_100.wav,Escorregamento,1,Continuous_Friction_and_Wear,train
Escorregamento_101.wav,Base_de_Dados\Escorregamento\Escorregamento_101.wav,Escorregamento,1,Continuous_Friction_and_Wear,train
Escorregamento_102.wav,Base_de_Dados\Escorregamento\Escorregamento_102.wav,Escorregamento,1,Continuous_Friction_and_Wear,train
Escorregamento_103.wav,Base_de_Dados\Escorregamento\Escorregamento_103.wav,Escorregamento,1,Continuous_Friction_and_Wear,train
Escorregamento_104.wav,Base_de_Dados\Escorregamento\Escorregamento_104.wav,Escorregamento,1,Continuous_Friction_and_Wear,train
Escorregamento_105.wav,Base_de_Dados\Escorregamento\Escorregamento_105.wav,Escorregamento,1,Continuous_Friction_and_Wear,train
Escorregamento_106.wav,Base_de_Dados\Escorregamento\Escorregamento_106.wav,Escorregamento,1,Continuous_Friction_and_Wear,test
Escorregamento_107.wav,Base_de_Dados\Escorregamento\Escorregamento_107.wav,Escorregamento,1,Continuous_Friction_and_Wear,train
Escorregamento_108.wav,Base_de_Dados\Escorregamento\Escorregamento_108.wav,Escorregamento,1,Continuous_Friction_and_Wear,train
Escorregamento_109.wav,Base_de_Dados\Escorregamento\Escorregamento_109.wav,Escorregamento,1,Continuous_Friction_and_Wear,train
Escorregamento_11.wav,Base_de_Dados\Escorregamento\Escorregamento_11.wav,Escorregamento,1,Continuous_Friction_and_Wear,val
Escorregamento_110.wav,Base_de_Dados\Escorregamento\Escorregamento_110.wav,Escorregamento,1,Continuous_Friction_and_Wear,val
Escorregamento_111.wav,Base_de_Dados\Escorregamento\Escorregamento_111.wav,Escorregamento,1,Continuous_Friction_and_Wear,val
Escorregamento_112.wav,Base_de_Dados\Escorregamento\Escorregamento_112.wav,Escorregamento,1,Continuous_Friction_and_Wear,train
Escorregamento_113.wav,Base_de_Dados\Escorregamento\Escorregamento_113.wav,Escorregamento,1,Continuous_Friction_and_Wear,test
Escorregamento_114.wav,Base_de_Dados\Escorregamento\Escorregamento_114.wav,Escorregamento,1,Continuous_Friction_and_Wear,test
Escorregamento_115.wav,Base_de_Dados\Escorregamento\Escorregamento_115.wav,Escorregamento,1,Continuous_Friction_and_Wear,val
Escorregamento_116.wav,Base_de_Dados\Escorregamento\Escorregamento_116.wav,Escorregamento,1,Continuous_Friction_and_Wear,test
Escorregamento_117.wav,Base_de_Dados\Escorregamento\Escorregamento_117.wav,Escorregamento,1,Continuous_Friction_and_Wear,train
Escorregamento_118.wav,Base_de_Dados\Escorregamento\Escorregamento_118.wav,Escorregamento,1,Continuous_Friction_and_Wear,test
Escorregamento_119.wav,Base_de_Dados\Escorregamento\Escorregamento_119.wav,Escorregamento,1,Continuous_Friction_and_Wear,train
Escorregamento_12.wav,Base_de_Dados\Escorregamento\Escorregamento_12.wav,Escorregamento,1,Continuous_Friction_and_Wear,train
Escorregamento_120.wav,Base_de_Dados\Escorregamento\Escorregamento_120.wav,Escorregamento,1,Continuous_Friction_and_Wear,train
Escorregamento_121.wav,Base_de_Dados\Escorregamento\Escorregamento_121.wav,Escorregamento,1,Continuous_Friction_and_Wear,train
Escorregamento_122.wav,Base_de_Dados\Escorregamento\Escorregamento_122.wav,Escorregamento,1,Continuous_Friction_and_Wear,test
Escorregamento_123.wav,Base_de_Dados\Escorregamento\Escorregamento_123.wav,Escorregamento,1,Continuous_Friction_and_Wear,train
Escorregamento_124.wav,Base_de_Dados\Escorregamento\Escorregamento_124.wav,Escorregamento,1,Continuous_Friction_and_Wear,train
Escorregamento_125.wav,Base_de_Dados\Escorregamento\Escorregamento_125.wav,Escorregamento,1,Continuous_Friction_and_Wear,val
Escorregamento_126.wav,Base_de_Dados\Escorregamento\Escorregamento_126.wav,Escorregamento,1,Continuous_Friction_and_Wear,train
Escorregamento_127.wav,Base_de_Dados\Escorregamento\Escorregamento_127.wav,Escorregamento,1,Continuous_Friction_and_Wear,train
Escorregamento_128.wav,Base_de_Dados\Escorregamento\Escorregamento_128.wav,Escorregamento,1,Continuous_Friction_and_Wear,test
Escorregamento_129.wav,Base_de_Dados\Escorregamento\Escorregamento_129.wav,Escorregamento,1,Continuous_Friction_and_Wear,train
Escorregamento_13.wav,Base_de_Dados\Escorregamento\Escorregamento_13.wav,Escorregamento,1,Continuous_Friction_and_Wear,train
Escorregamento_130.wav,Base_de_Dados\Escorregamento\Escorregamento_130.wav,Escorregamento,1,Continuous_Friction_and_Wear,test
Escorregamento_131.wav,Base_de_Dados\Escorregamento\Escorregamento_131.wav,Escorregamento,1,Continuous_Friction_and_Wear,test
Escorregamento_132.wav,Base_de_Dados\Escorregamento\Escorregamento_132.wav,Escorregamento,1,Continuous_Friction_and_Wear,test
Escorregamento_133.wav,Base_de_Dados\Escorregamento\Escorregamento_133.wav,Escorregamento,1,Continuous_Friction_and_Wear,test
Escorregamento_134.wav,Base_de_Dados\Escorregamento\Escorregamento_134.wav,Escorregamento,1,Continuous_Friction_and_Wear,train
Escorregamento_135.wav,Base_de_Dados\Escorregamento\Escorregamento_135.wav,Escorregamento,1,Continuous_Friction_and_Wear,train
Escorregamento_136.wav,Base_de_Dados\Escorregamento\Escorregamento_136.wav,Escorregamento,1,Continuous_Friction_and_Wear,train
Escorregamento_137.wav,Base_de_Dados\Escorregamento\Escorregamento_137.wav,Escorregamento,1,Continuous_Friction_and_Wear,train
Escorregamento_138.wav,Base_de_Dados\Escorregamento\Escorregamento_138.wav,Escorregamento,1,Continuous_Friction_and_Wear,val
Escorregamento_139.wav,Base_de_Dados\Escorregamento\Escorregamento_139.wav,Escorregamento,1,Continuous_Friction_and_Wear,train
Escorregamento_14.wav,Base_de_Dados\Escorregamento\Escorregamento_14.wav,Escorregamento,1,Continuous_Friction_and_Wear,test
Escorregamento_140.wav,Base_de_Dados\Escorregamento\Escorregamento_140.wav,Escorregamento,1,Continuous_Friction_and_Wear,val
Escorregamento_141.wav,Base_de_Dados\Escorregamento\Escorregamento_141.wav,Escorregamento,1,Continuous_Friction_and_Wear,train
Escorregamento_142.wav,Base_de_Dados\Escorregamento\Escorregamento_142.wav,Escorregamento,1,Continuous_Friction_and_Wear,test
Escorregamento_143.wav,Base_de_Dados\Escorregamento\Escorregamento_143.wav,Escorregamento,1,Continuous_Friction_and_Wear,train
Escorregamento_144.wav,Base_de_Dados\Escorregamento\Escorregamento_144.wav,Escorregamento,1,Continuous_Friction_and_Wear,train
Escorregamento_145.wav,Base_de_Dados\Escorregamento\Escorregamento_145.wav,Escorregamento,1,Continuous_Friction_and_Wear,train
Escorregamento_146.wav,Base_de_Dados\Escorregamento\Escorregamento_146.wav,Escorregamento,1,Continuous_Friction_and_Wear,train
Escorregamento_147.wav,Base_de_Dados\Escorregamento\Escorregamento_147.wav,Escorregamento,1,Continuous_Friction_and_Wear,test
Escorregamento_148.wav,Base_de_Dados\Escorregamento\Escorregamento_148.wav,Escorregamento,1,Continuous_Friction_and_Wear,val
Escorregamento_149.wav,Base_de_Dados\Escorregamento\Escorregamento_149.wav,Escorregamento,1,Continuous_Friction_and_Wear,train
Escorregamento_15.wav,Base_de_Dados\Escorregamento\Escorregamento_15.wav,Escorregamento,1,Continuous_Friction_and_Wear,train
Escorregamento_150.wav,Base_de_Dados\Escorregamento\Escorregamento_150.wav,Escorregamento,1,Continuous_Friction_and_Wear,val
Escorregamento_151.wav,Base_de_Dados\Escorregamento\Escorregamento_151.wav,Escorregamento,1,Continuous_Friction_and_Wear,train
Escorregamento_152.wav,Base_de_Dados\Escorregamento\Escorregamento_152.wav,Escorregamento,1,Continuous_Friction_and_Wear,val
Escorregamento_153.wav,Base_de_Dados\Escorregamento\Escorregamento_153.wav,Escorregamento,1,Continuous_Friction_and_Wear,val
Escorregamento_154.wav,Base_de_Dados\Escorregamento\Escorregamento_154.wav,Escorregamento,1,Continuous_Friction_and_Wear,train
Escorregamento_155.wav,Base_de_Dados\Escorregamento\Escorregamento_155.wav,Escorregamento,1,Continuous_Friction_and_Wear,train
Escorregamento_156.wav,Base_de_Dados\Escorregamento\Escorregamento_156.wav,Escorregamento,1,Continuous_Friction_and_Wear,train
Escorregamento_157.wav,Base_de_Dados\Escorregamento\Escorregamento_157.wav,Escorregamento,1,Continuous_Friction_and_Wear,train
Escorregamento_158.wav,Base_de_Dados\Escorregamento\Escorregamento_158.wav,Escorregamento,1,Continuous_Friction_and_Wear,train
Escorregamento_159.wav,Base_de_Dados\Escorregamento\Escorregamento_159.wav,Escorregamento,1,Continuous_Friction_and_Wear,train
Escorregamento_16.wav,Base_de_Dados\Escorregamento\Escorregamento_16.wav,Escorregamento,1,Continuous_Friction_and_Wear,train
Escorregamento_160.wav,Base_de_Dados\Escorregamento\Escorregamento_160.wav,Escorregamento,1,Continuous_Friction_and_Wear,train
Escorregamento_161.wav,Base_de_Dados\Escorregamento\Escorregamento_161.wav,Escorregamento,1,Continuous_Friction_and_Wear,val
Escorregamento_162.wav,Base_de_Dados\Escorregamento\Escorregamento_162.wav,Escorregamento,1,Continuous_Friction_and_Wear,train
Escorregamento_163.wav,Base_de_Dados\Escorregamento\Escorregamento_163.wav,Escorregamento,1,Continuous_Friction_and_Wear,train
Escorregamento_164.wav,Base_de_Dados\Escorregamento\Escorregamento_164.wav,Escorregamento,1,Continuous_Friction_and_Wear,train
Escorregamento_165.wav,Base_de_Dados\Escorregamento\Escorregamento_165.wav,Escorregamento,1,Continuous_Friction_and_Wear,train
Escorregamento_166.wav,Base_de_Dados\Escorregamento\Escorregamento_166.wav,Escorregamento,1,Continuous_Friction_and_Wear,train
Escorregamento_167.wav,Base_de_Dados\Escorregamento\Escorregamento_167.wav,Escorregamento,1,Continuous_Friction_and_Wear,train
Escorregamento_168.wav,Base_de_Dados\Escorregamento\Escorregamento_168.wav,Escorregamento,1,Continuous_Friction_and_Wear,train
Escorregamento_169.wav,Base_de_Dados\Escorregamento\Escorregamento_169.wav,Escorregamento,1,Continuous_Friction_and_Wear,train
Escorregamento_17.wav,Base_de_Dados\Escorregamento\Escorregamento_17.wav,Escorregamento,1,Continuous_Friction_and_Wear,train
Escorregamento_170.wav,Base_de_Dados\Escorregamento\Escorregamento_170.wav,Escorregamento,1,Continuous_Friction_and_Wear,val
Escorregamento_171.wav,Base_de_Dados\Escorregamento\Escorregamento_171.wav,Escorregamento,1,Continuous_Friction_and_Wear,train
Escorregamento_172.wav,Base_de_Dados\Escorregamento\Escorregamento_172.wav,Escorregamento,1,Continuous_Friction_and_Wear,train
Escorregamento_173.wav,Base_de_Dados\Escorregamento\Escorregamento_173.wav,Escorregamento,1,Continuous_Friction_and_Wear,train
Escorregamento_174.wav,Base_de_Dados\Escorregamento\Escorregamento_174.wav,Escorregamento,1,Continuous_Friction_and_Wear,train
Escorregamento_175.wav,Base_de_Dados\Escorregamento\Escorregamento_175.wav,Escorregamento,1,Continuous_Friction_and_Wear,train
Escorregamento_176.wav,Base_de_Dados\Escorregamento\Escorregamento_176.wav,Escorregamento,1,Continuous_Friction_and_Wear,val
Escorregamento_177.wav,Base_de_Dados\Escorregamento\Escorregamento_177.wav,Escorregamento,1,Continuous_Friction_and_Wear,train
Escorregamento_178.wav,Base_de_Dados\Escorregamento\Escorregamento_178.wav,Escorregamento,1,Continuous_Friction_and_Wear,train
Escorregamento_179.wav,Base_de_Dados\Escorregamento\Escorregamento_179.wav,Escorregamento,1,Continuous_Friction_and_Wear,train
Escorregamento_18.wav,Base_de_Dados\Escorregamento\Escorregamento_18.wav,Escorregamento,1,Continuous_Friction_and_Wear,val
Escorregamento_19.wav,Base_de_Dados\Escorregamento\Escorregamento_19.wav,Escorregamento,1,Continuous_Friction_and_Wear,train
Escorregamento_2.wav,Base_de_Dados\Escorregamento\Escorregamento_2.wav,Escorregamento,1,Continuous_Friction_and_Wear,train
Escorregamento_20.wav,Base_de_Dados\Escorregamento\Escorregamento_20.wav,Escorregamento,1,Continuous_Friction_and_Wear,val
Escorregamento_21.wav,Base_de_Dados\Escorregamento\Escorregamento_21.wav,Escorregamento,1,Continuous_Friction_and_Wear,val
Escorregamento_22.wav,Base_de_Dados\Escorregamento\Escorregamento_22.wav,Escorregamento,1,Continuous_Friction_and_Wear,train
Escorregamento_23.wav,Base_de_Dados\Escorregamento\Escorregamento_23.wav,Escorregamento,1,Continuous_Friction_and_Wear,train
Escorregamento_24.wav,Base_de_Dados\Escorregamento\Escorregamento_24.wav,Escorregamento,1,Continuous_Friction_and_Wear,train
Escorregamento_25.wav,Base_de_Dados\Escorregamento\Escorregamento_25.wav,Escorregamento,1,Continuous_Friction_and_Wear,train
Escorregamento_26.wav,Base_de_Dados\Escorregamento\Escorregamento_26.wav,Escorregamento,1,Continuous_Friction_and_Wear,test
Escorregamento_27.wav,Base_de_Dados\Escorregamento\Escorregamento_27.wav,Escorregamento,1,Continuous_Friction_and_Wear,train
Escorregamento_28.wav,Base_de_Dados\Escorregamento\Escorregamento_28.wav,Escorregamento,1,Continuous_Friction_and_Wear,train
Escorregamento_29.wav,Base_de_Dados\Escorregamento\Escorregamento_29.wav,Escorregamento,1,Continuous_Friction_and_Wear,train
Escorregamento_3.wav,Base_de_Dados\Escorregamento\Escorregamento_3.wav,Escorregamento,1,Continuous_Friction_and_Wear,train
Escorregamento_30.wav,Base_de_Dados\Escorregamento\Escorregamento_30.wav,Escorregamento,1,Continuous_Friction_and_Wear,test
Escorregamento_31.wav,Base_de_Dados\Escorregamento\Escorregamento_31.wav,Escorregamento,1,Continuous_Friction_and_Wear,train
Escorregamento_32.wav,Base_de_Dados\Escorregamento\Escorregamento_32.wav,Escorregamento,1,Continuous_Friction_and_Wear,train
Escorregamento_33.wav,Base_de_Dados\Escorregamento\Escorregamento_33.wav,Escorregamento,1,Continuous_Friction_and_Wear,train
Escorregamento_34.wav,Base_de_Dados\Escorregamento\Escorregamento_34.wav,Escorregamento,1,Continuous_Friction_and_Wear,train
Escorregamento_35.wav,Base_de_Dados\Escorregamento\Escorregamento_35.wav,Escorregamento,1,Continuous_Friction_and_Wear,train
Escorregamento_36.wav,Base_de_Dados\Escorregamento\Escorregamento_36.wav,Escorregamento,1,Continuous_Friction_and_Wear,train
Escorregamento_37.wav,Base_de_Dados\Escorregamento\Escorregamento_37.wav,Escorregamento,1,Continuous_Friction_and_Wear,train
Escorregamento_38.wav,Base_de_Dados\Escorregamento\Escorregamento_38.wav,Escorregamento,1,Continuous_Friction_and_Wear,test
Escorregamento_39.wav,Base_de_Dados\Escorregamento\Escorregamento_39.wav,Escorregamento,1,Continuous_Friction_and_Wear,test
Escorregamento_4.wav,Base_de_Dados\Escorregamento\Escorregamento_4.wav,Escorregamento,1,Continuous_Friction_and_Wear,train
Escorregamento_40.wav,Base_de_Dados\Escorregamento\Escorregamento_40.wav,Escorregamento,1,Continuous_Friction_and_Wear,train
Escorregamento_41.wav,Base_de_Dados\Escorregamento\Escorregamento_41.wav,Escorregamento,1,Continuous_Friction_and_Wear,test
Escorregamento_42.wav,Base_de_Dados\Escorregamento\Escorregamento_42.wav,Escorregamento,1,Continuous_Friction_and_Wear,val
Escorregamento_43.wav,Base_de_Dados\Escorregamento\Escorregamento_43.wav,Escorregamento,1,Continuous_Friction_and_Wear,train
Escorregamento_44.wav,Base_de_Dados\Escorregamento\Escorregamento_44.wav,Escorregamento,1,Continuous_Friction_and_Wear,train
Escorregamento_45.wav,Base_de_Dados\Escorregamento\Escorregamento_45.wav,Escorregamento,1,Continuous_Friction_and_Wear,test
Escorregamento_46.wav,Base_de_Dados\Escorregamento\Escorregamento_46.wav,Escorregamento,1,Continuous_Friction_and_Wear,train
Escorregamento_47.wav,Base_de_Dados\Escorregamento\Escorregamento_47.wav,Escorregamento,1,Continuous_Friction_and_Wear,val
Escorregamento_48.wav,Base_de_Dados\Escorregamento\Escorregamento_48.wav,Escorregamento,1,Continuous_Friction_and_Wear,test
Escorregamento_49.wav,Base_de_Dados\Escorregamento\Escorregamento_49.wav,Escorregamento,1,Continuous_Friction_and_Wear,val
Escorregamento_5.wav,Base_de_Dados\Escorregamento\Escorregamento_5.wav,Escorregamento,1,Continuous_Friction_and_Wear,train
Escorregamento_50.wav,Base_de_Dados\Escorregamento\Escorregamento_50.wav,Escorregamento,1,Continuous_Friction_and_Wear,train
Escorregamento_51.wav,Base_de_Dados\Escorregamento\Escorregamento_51.wav,Escorregamento,1,Continuous_Friction_and_Wear,train
Escorregamento_52.wav,Base_de_Dados\Escorregamento\Escorregamento_52.wav,Escorregamento,1,Continuous_Friction_and_Wear,test
Escorregamento_53.wav,Base_de_Dados\Escorregamento\Escorregamento_53.wav,Escorregamento,1,Continuous_Friction_and_Wear,train
Escorregamento_54.wav,Base_de_Dados\Escorregamento\Escorregamento_54.wav,Escorregamento,1,Continuous_Friction_and_Wear,train
Escorregamento_55.wav,Base_de_Dados\Escorregamento\Escorregamento_55.wav,Escorregamento,1,Continuous_Friction_and_Wear,test
Escorregamento_56.wav,Base_de_Dados\Escorregamento\Escorregamento_56.wav,Escorregamento,1,Continuous_Friction_and_Wear,val
Escorregamento_57.wav,Base_de_Dados\Escorregamento\Escorregamento_57.wav,Escorregamento,1,Continuous_Friction_and_Wear,train
Escorregamento_58.wav,Base_de_Dados\Escorregamento\Escorregamento_58.wav,Escorregamento,1,Continuous_Friction_and_Wear,train
Escorregamento_59.wav,Base_de_Dados\Escorregamento\Escorregamento_59.wav,Escorregamento,1,Continuous_Friction_and_Wear,test
Escorregamento_6.wav,Base_de_Dados\Escorregamento\Escorregamento_6.wav,Escorregamento,1,Continuous_Friction_and_Wear,train
Escorregamento_60.wav,Base_de_Dados\Escorregamento\Escorregamento_60.wav,Escorregamento,1,Continuous_Friction_and_Wear,train
Escorregamento_61.wav,Base_de_Dados\Escorregamento\Escorregamento_61.wav,Escorregamento,1,Continuous_Friction_and_Wear,train
Escorregamento_62.wav,Base_de_Dados\Escorregamento\Escorregamento_62.wav,Escorregamento,1,Continuous_Friction_and_Wear,train
Escorregamento_63.wav,Base_de_Dados\Escorregamento\Escorregamento_63.wav,Escorregamento,1,Continuous_Friction_and_Wear,train
Escorregamento_64.wav,Base_de_Dados\Escorregamento\Escorregamento_64.wav,Escorregamento,1,Continuous_Friction_and_Wear,train
Escorregamento_65.wav,Base_de_Dados\Escorregamento\Escorregamento_65.wav,Escorregamento,1,Continuous_Friction_and_Wear,train
Escorregamento_66.wav,Base_de_Dados\Escorregamento\Escorregamento_66.wav,Escorregamento,1,Continuous_Friction_and_Wear,train
Escorregamento_67.wav,Base_de_Dados\Escorregamento\Escorregamento_67.wav,Escorregamento,1,Continuous_Friction_and_Wear,test
Escorregamento_68.wav,Base_de_Dados\Escorregamento\Escorregamento_68.wav,Escorregamento,1,Continuous_Friction_and_Wear,train
Escorregamento_69.wav,Base_de_Dados\Escorregamento\Escorregamento_69.wav,Escorregamento,1,Continuous_Friction_and_Wear,train
Escorregamento_7.wav,Base_de_Dados\Escorregamento\Escorregamento_7.wav,Escorregamento,1,Continuous_Friction_and_Wear,test
Escorregamento_70.wav,Base_de_Dados\Escorregamento\Escorregamento_70.wav,Escorregamento,1,Continuous_Friction_and_Wear,train
Escorregamento_71.wav,Base_de_Dados\Escorregamento\Escorregamento_71.wav,Escorregamento,1,Continuous_Friction_and_Wear,train
Escorregamento_72.wav,Base_de_Dados\Escorregamento\Escorregamento_72.wav,Escorregamento,1,Continuous_Friction_and_Wear,val
Escorregamento_73.wav,Base_de_Dados\Escorregamento\Escorregamento_73.wav,Escorregamento,1,Continuous_Friction_and_Wear,test
Escorregamento_74.wav,Base_de_Dados\Escorregamento\Escorregamento_74.wav,Escorregamento,1,Continuous_Friction_and_Wear,test
Escorregamento_75.wav,Base_de_Dados\Escorregamento\Escorregamento_75.wav,Escorregamento,1,Continuous_Friction_and_Wear,test
Escorregamento_76.wav,Base_de_Dados\Escorregamento\Escorregamento_76.wav,Escorregamento,1,Continuous_Friction_and_Wear,train
Escorregamento_77.wav,Base_de_Dados\Escorregamento\Escorregamento_77.wav,Escorregamento,1,Continuous_Friction_and_Wear,test
Escorregamento_78.wav,Base_de_Dados\Escorregamento\Escorregamento_78.wav,Escorregamento,1,Continuous_Friction_and_Wear,train
Escorregamento_79.wav,Base_de_Dados\Escorregamento\Escorregamento_79.wav,Escorregamento,1,Continuous_Friction_and_Wear,train
Escorregamento_8.wav,Base_de_Dados\Escorregamento\Escorregamento_8.wav,Escorregamento,1,Continuous_Friction_and_Wear,test
Escorregamento_80.wav,Base_de_Dados\Escorregamento\Escorregamento_80.wav,Escorregamento,1,Continuous_Friction_and_Wear,train
Escorregamento_81.wav,Base_de_Dados\Escorregamento\Escorregamento_81.wav,Escorregamento,1,Continuous_Friction_and_Wear,test
Escorregamento_82.wav,Base_de_Dados\Escorregamento\Escorregamento_82.wav,Escorregamento,1,Continuous_Friction_and_Wear,test
Escorregamento_83.wav,Base_de_Dados\Escorregamento\Escorregamento_83.wav,Escorregamento,1,Continuous_Friction_and_Wear,val
Escorregamento_84.wav,Base_de_Dados\Escorregamento\Escorregamento_84.wav,Escorregamento,1,Continuous_Friction_and_Wear,test
Escorregamento_85.wav,Base_de_Dados\Escorregamento\Escorregamento_85.wav,Escorregamento,1,Continuous_Friction_and_Wear,val
Escorregamento_86.wav,Base_de_Dados\Escorregamento\Escorregamento_86.wav,Escorregamento,1,Continuous_Friction_and_Wear,train
Escorregamento_87.wav,Base_de_Dados\Escorregamento\Escorregamento_87.wav,Escorregamento,1,Continuous_Friction_and_Wear,train
Escorregamento_88.wav,Base_de_Dados\Escorregamento\Escorregamento_88.wav,Escorregamento,1,Continuous_Friction_and_Wear,train
Escorregamento_89.wav,Base_de_Dados\Escorregamento\Escorregamento_89.wav,Escorregamento,1,Continuous_Friction_and_Wear,train
Escorregamento_9.wav,Base_de_Dados\Escorregamento\Escorregamento_9.wav,Escorregamento,1,Continuous_Friction_and_Wear,train
Escorregamento_90.wav,Base_de_Dados\Escorregamento\Escorregamento_90.wav,Escorregamento,1,Continuous_Friction_and_Wear,train
Escorregamento_91.wav,Base_de_Dados\Escorregamento\Escorregamento_91.wav,Escorregamento,1,Continuous_Friction_and_Wear,train
Escorregamento_92.wav,Base_de_Dados\Escorregamento\Escorregamento_92.wav,Escorregamento,1,Continuous_Friction_and_Wear,test
Escorregamento_93.wav,Base_de_Dados\Escorregamento\Escorregamento_93.wav,Escorregamento,1,Continuous_Friction_and_Wear,train
Escorregamento_94.wav,Base_de_Dados\Escorregamento\Escorregamento_94.wav,Escorregamento,1,Continuous_Friction_and_Wear,train
Escorregamento_95.wav,Base_de_Dados\Escorregamento\Escorregamento_95.wav,Escorregamento,1,Continuous_Friction_and_Wear,train
Escorregamento_96.wav,Base_de_Dados\Escorregamento\Escorregamento_96.wav,Escorregamento,1,Continuous_Friction_and_Wear,test
Escorregamento_97.wav,Base_de_Dados\Escorregamento\Escorregamento_97.wav,Escorregamento,1,Continuous_Friction_and_Wear,train
Escorregamento_98.wav,Base_de_Dados\Escorregamento\Escorregamento_98.wav,Escorregamento,1,Continuous_Friction_and_Wear,val
Escorregamento_99.wav,Base_de_Dados\Escorregamento\Escorregamento_99.wav,Escorregamento,1,Continuous_Friction_and_Wear,train
Escorregamento_P1_1.wav,Base_de_Dados\Escorregamento_P1\Escorregamento_P1_1.wav,Escorregamento_P1,1,Continuous_Friction_and_Wear,train
Escorregamento_P1_10.wav,Base_de_Dados\Escorregamento_P1\Escorregamento_P1_10.wav,Escorregamento_P1,1,Continuous_Friction_and_Wear,test
Escorregamento_P1_100.wav,Base_de_Dados\Escorregamento_P1\Escorregamento_P1_100.wav,Escorregamento_P1,1,Continuous_Friction_and_Wear,train
Escorregamento_P1_101.wav,Base_de_Dados\Escorregamento_P1\Escorregamento_P1_101.wav,Escorregamento_P1,1,Continuous_Friction_and_Wear,val
Escorregamento_P1_102.wav,Base_de_Dados\Escorregamento_P1\Escorregamento_P1_102.wav,Escorregamento_P1,1,Continuous_Friction_and_Wear,train
Escorregamento_P1_103.wav,Base_de_Dados\Escorregamento_P1\Escorregamento_P1_103.wav,Escorregamento_P1,1,Continuous_Friction_and_Wear,train
Escorregamento_P1_104.wav,Base_de_Dados\Escorregamento_P1\Escorregamento_P1_104.wav,Escorregamento_P1,1,Continuous_Friction_and_Wear,train
Escorregamento_P1_105.wav,Base_de_Dados\Escorregamento_P1\Escorregamento_P1_105.wav,Escorregamento_P1,1,Continuous_Friction_and_Wear,test
Escorregamento_P1_106.wav,Base_de_Dados\Escorregamento_P1\Escorregamento_P1_106.wav,Escorregamento_P1,1,Continuous_Friction_and_Wear,train
Escorregamento_P1_107.wav,Base_de_Dados\Escorregamento_P1\Escorregamento_P1_107.wav,Escorregamento_P1,1,Continuous_Friction_and_Wear,train
Escorregamento_P1_108.wav,Base_de_Dados\Escorregamento_P1\Escorregamento_P1_108.wav,Escorregamento_P1,1,Continuous_Friction_and_Wear,train
Escorregamento_P1_109.wav,Base_de_Dados\Escorregamento_P1\Escorregamento_P1_109.wav,Escorregamento_P1,1,Continuous_Friction_and_Wear,test
Escorregamento_P1_11.wav,Base_de_Dados\Escorregamento_P1\Escorregamento_P1_11.wav,Escorregamento_P1,1,Continuous_Friction_and_Wear,test
Escorregamento_P1_110.wav,Base_de_Dados\Escorregamento_P1\Escorregamento_P1_110.wav,Escorregamento_P1,1,Continuous_Friction_and_Wear,train
Escorregamento_P1_111.wav,Base_de_Dados\Escorregamento_P1\Escorregamento_P1_111.wav,Escorregamento_P1,1,Continuous_Friction_and_Wear,train
Escorregamento_P1_112.wav,Base_de_Dados\Escorregamento_P1\Escorregamento_P1_112.wav,Escorregamento_P1,1,Continuous_Friction_and_Wear,test
Escorregamento_P1_113.wav,Base_de_Dados\Escorregamento_P1\Escorregamento_P1_113.wav,Escorregamento_P1,1,Continuous_Friction_and_Wear,train
Escorregamento_P1_114.wav,Base_de_Dados\Escorregamento_P1\Escorregamento_P1_114.wav,Escorregamento_P1,1,Continuous_Friction_and_Wear,val
Escorregamento_P1_115.wav,Base_de_Dados\Escorregamento_P1\Escorregamento_P1_115.wav,Escorregamento_P1,1,Continuous_Friction_and_Wear,test
Escorregamento_P1_116.wav,Base_de_Dados\Escorregamento_P1\Escorregamento_P1_116.wav,Escorregamento_P1,1,Continuous_Friction_and_Wear,train
Escorregamento_P1_117.wav,Base_de_Dados\Escorregamento_P1\Escorregamento_P1_117.wav,Escorregamento_P1,1,Continuous_Friction_and_Wear,train
Escorregamento_P1_118.wav,Base_de_Dados\Escorregamento_P1\Escorregamento_P1_118.wav,Escorregamento_P1,1,Continuous_Friction_and_Wear,val
Escorregamento_P1_119.wav,Base_de_Dados\Escorregamento_P1\Escorregamento_P1_119.wav,Escorregamento_P1,1,Continuous_Friction_and_Wear,train
Escorregamento_P1_12.wav,Base_de_Dados\Escorregamento_P1\Escorregamento_P1_12.wav,Escorregamento_P1,1,Continuous_Friction_and_Wear,test
Escorregamento_P1_120.wav,Base_de_Dados\Escorregamento_P1\Escorregamento_P1_120.wav,Escorregamento_P1,1,Continuous_Friction_and_Wear,train
Escorregamento_P1_121.wav,Base_de_Dados\Escorregamento_P1\Escorregamento_P1_121.wav,Escorregamento_P1,1,Continuous_Friction_and_Wear,train
Escorregamento_P1_122.wav,Base_de_Dados\Escorregamento_P1\Escorregamento_P1_122.wav,Escorregamento_P1,1,Continuous_Friction_and_Wear,train
Escorregamento_P1_123.wav,Base_de_Dados\Escorregamento_P1\Escorregamento_P1_123.wav,Escorregamento_P1,1,Continuous_Friction_and_Wear,train
Escorregamento_P1_124.wav,Base_de_Dados\Escorregamento_P1\Escorregamento_P1_124.wav,Escorregamento_P1,1,Continuous_Friction_and_Wear,test
Escorregamento_P1_125.wav,Base_de_Dados\Escorregamento_P1\Escorregamento_P1_125.wav,Escorregamento_P1,1,Continuous_Friction_and_Wear,train
Escorregamento_P1_126.wav,Base_de_Dados\Escorregamento_P1\Escorregamento_P1_126.wav,Escorregamento_P1,1,Continuous_Friction_and_Wear,train
Escorregamento_P1_127.wav,Base_de_Dados\Escorregamento_P1\Escorregamento_P1_127.wav,Escorregamento_P1,1,Continuous_Friction_and_Wear,train
Escorregamento_P1_128.wav,Base_de_Dados\Escorregamento_P1\Escorregamento_P1_128.wav,Escorregamento_P1,1,Continuous_Friction_and_Wear,train
Escorregamento_P1_129.wav,Base_de_Dados\Escorregamento_P1\Escorregamento_P1_129.wav,Escorregamento_P1,1,Continuous_Friction_and_Wear,val
Escorregamento_P1_13.wav,Base_de_Dados\Escorregamento_P1\Escorregamento_P1_13.wav,Escorregamento_P1,1,Continuous_Friction_and_Wear,train
Escorregamento_P1_130.wav,Base_de_Dados\Escorregamento_P1\Escorregamento_P1_130.wav,Escorregamento_P1,1,Continuous_Friction_and_Wear,train
Escorregamento_P1_131.wav,Base_de_Dados\Escorregamento_P1\Escorregamento_P1_131.wav,Escorregamento_P1,1,Continuous_Friction_and_Wear,train
Escorregamento_P1_132.wav,Base_de_Dados\Escorregamento_P1\Escorregamento_P1_132.wav,Escorregamento_P1,1,Continuous_Friction_and_Wear,train
Escorregamento_P1_133.wav,Base_de_Dados\Escorregamento_P1\Escorregamento_P1_133.wav,Escorregamento_P1,1,Continuous_Friction_and_Wear,train
Escorregamento_P1_134.wav,Base_de_Dados\Escorregamento_P1\Escorregamento_P1_134.wav,Escorregamento_P1,1,Continuous_Friction_and_Wear,train
Escorregamento_P1_135.wav,Base_de_Dados\Escorregamento_P1\Escorregamento_P1_135.wav,Escorregamento_P1,1,Continuous_Friction_and_Wear,test
Escorregamento_P1_136.wav,Base_de_Dados\Escorregamento_P1\Escorregamento_P1_136.wav,Escorregamento_P1,1,Continuous_Friction_and_Wear,val
Escorregamento_P1_137.wav,Base_de_Dados\Escorregamento_P1\Escorregamento_P1_137.wav,Escorregamento_P1,1,Continuous_Friction_and_Wear,train
Escorregamento_P1_138.wav,Base_de_Dados\Escorregamento_P1\Escorregamento_P1_138.wav,Escorregamento_P1,1,Continuous_Friction_and_Wear,train
Escorregamento_P1_139.wav,Base_de_Dados\Escorregamento_P1\Escorregamento_P1_139.wav,Escorregamento_P1,1,Continuous_Friction_and_Wear,train
Escorregamento_P1_14.wav,Base_de_Dados\Escorregamento_P1\Escorregamento_P1_14.wav,Escorregamento_P1,1,Continuous_Friction_and_Wear,train
Escorregamento_P1_140.wav,Base_de_Dados\Escorregamento_P1\Escorregamento_P1_140.wav,Escorregamento_P1,1,Continuous_Friction_and_Wear,test
Escorregamento_P1_141.wav,Base_de_Dados\Escorregamento_P1\Escorregamento_P1_141.wav,Escorregamento_P1,1,Continuous_Friction_and_Wear,test
Escorregamento_P1_142.wav,Base_de_Dados\Escorregamento_P1\Escorregamento_P1_142.wav,Escorregamento_P1,1,Continuous_Friction_and_Wear,train
Escorregamento_P1_143.wav,Base_de_Dados\Escorregamento_P1\Escorregamento_P1_143.wav,Escorregamento_P1,1,Continuous_Friction_and_Wear,train
Escorregamento_P1_144.wav,Base_de_Dados\Escorregamento_P1\Escorregamento_P1_144.wav,Escorregamento_P1,1,Continuous_Friction_and_Wear,test
Escorregamento_P1_145.wav,Base_de_Dados\Escorregamento_P1\Escorregamento_P1_145.wav,Escorregamento_P1,1,Continuous_Friction_and_Wear,train
Escorregamento_P1_146.wav,Base_de_Dados\Escorregamento_P1\Escorregamento_P1_146.wav,Escorregamento_P1,1,Continuous_Friction_and_Wear,train
Escorregamento_P1_147.wav,Base_de_Dados\Escorregamento_P1\Escorregamento_P1_147.wav,Escorregamento_P1,1,Continuous_Friction_and_Wear,test
Escorregamento_P1_148.wav,Base_de_Dados\Escorregamento_P1\Escorregamento_P1_148.wav,Escorregamento_P1,1,Continuous_Friction_and_Wear,train
Escorregamento_P1_149.wav,Base_de_Dados\Escorregamento_P1\Escorregamento_P1_149.wav,Escorregamento_P1,1,Continuous_Friction_and_Wear,train
Escorregamento_P1_15.wav,Base_de_Dados\Escorregamento_P1\Escorregamento_P1_15.wav,Escorregamento_P1,1,Continuous_Friction_and_Wear,train
Escorregamento_P1_150.wav,Base_de_Dados\Escorregamento_P1\Escorregamento_P1_150.wav,Escorregamento_P1,1,Continuous_Friction_and_Wear,train
Escorregamento_P1_151.wav,Base_de_Dados\Escorregamento_P1\Escorregamento_P1_151.wav,Escorregamento_P1,1,Continuous_Friction_and_Wear,train
Escorregamento_P1_152.wav,Base_de_Dados\Escorregamento_P1\Escorregamento_P1_152.wav,Escorregamento_P1,1,Continuous_Friction_and_Wear,train
Escorregamento_P1_153.wav,Base_de_Dados\Escorregamento_P1\Escorregamento_P1_153.wav,Escorregamento_P1,1,Continuous_Friction_and_Wear,train
Escorregamento_P1_154.wav,Base_de_Dados\Escorregamento_P1\Escorregamento_P1_154.wav,Escorregamento_P1,1,Continuous_Friction_and_Wear,train
Escorregamento_P1_155.wav,Base_de_Dados\Escorregamento_P1\Escorregamento_P1_155.wav,Escorregamento_P1,1,Continuous_Friction_and_Wear,val
Escorregamento_P1_156.wav,Base_de_Dados\Escorregamento_P1\Escorregamento_P1_156.wav,Escorregamento_P1,1,Continuous_Friction_and_Wear,train
Escorregamento_P1_157.wav,Base_de_Dados\Escorregamento_P1\Escorregamento_P1_157.wav,Escorregamento_P1,1,Continuous_Friction_and_Wear,train
Escorregamento_P1_158.wav,Base_de_Dados\Escorregamento_P1\Escorregamento_P1_158.wav,Escorregamento_P1,1,Continuous_Friction_and_Wear,train
Escorregamento_P1_159.wav,Base_de_Dados\Escorregamento_P1\Escorregamento_P1_159.wav,Escorregamento_P1,1,Continuous_Friction_and_Wear,test
Escorregamento_P1_16.wav,Base_de_Dados\Escorregamento_P1\Escorregamento_P1_16.wav,Escorregamento_P1,1,Continuous_Friction_and_Wear,test
Escorregamento_P1_160.wav,Base_de_Dados\Escorregamento_P1\Escorregamento_P1_160.wav,Escorregamento_P1,1,Continuous_Friction_and_Wear,train
Escorregamento_P1_161.wav,Base_de_Dados\Escorregamento_P1\Escorregamento_P1_161.wav,Escorregamento_P1,1,Continuous_Friction_and_Wear,train
Escorregamento_P1_162.wav,Base_de_Dados\Escorregamento_P1\Escorregamento_P1_162.wav,Escorregamento_P1,1,Continuous_Friction_and_Wear,train
Escorregamento_P1_163.wav,Base_de_Dados\Escorregamento_P1\Escorregamento_P1_163.wav,Escorregamento_P1,1,Continuous_Friction_and_Wear,train
Escorregamento_P1_164.wav,Base_de_Dados\Escorregamento_P1\Escorregamento_P1_164.wav,Escorregamento_P1,1,Continuous_Friction_and_Wear,train
Escorregamento_P1_165.wav,Base_de_Dados\Escorregamento_P1\Escorregamento_P1_165.wav,Escorregamento_P1,1,Continuous_Friction_and_Wear,test
Escorregamento_P1_166.wav,Base_de_Dados\Escorregamento_P1\Escorregamento_P1_166.wav,Escorregamento_P1,1,Continuous_Friction_and_Wear,test
Escorregamento_P1_167.wav,Base_de_Dados\Escorregamento_P1\Escorregamento_P1_167.wav,Escorregamento_P1,1,Continuous_Friction_and_Wear,train
Escorregamento_P1_168.wav,Base_de_Dados\Escorregamento_P1\Escorregamento_P1_168.wav,Escorregamento_P1,1,Continuous_Friction_and_Wear,test
Escorregamento_P1_169.wav,Base_de_Dados\Escorregamento_P1\Escorregamento_P1_169.wav,Escorregamento_P1,1,Continuous_Friction_and_Wear,val
Escorregamento_P1_17.wav,Base_de_Dados\Escorregamento_P1\Escorregamento_P1_17.wav,Escorregamento_P1,1,Continuous_Friction_and_Wear,val
Escorregamento_P1_170.wav,Base_de_Dados\Escorregamento_P1\Escorregamento_P1_170.wav,Escorregamento_P1,1,Continuous_Friction_and_Wear,train
Escorregamento_P1_171.wav,Base_de_Dados\Escorregamento_P1\Escorregamento_P1_171.wav,Escorregamento_P1,1,Continuous_Friction_and_Wear,train
Escorregamento_P1_172.wav,Base_de_Dados\Escorregamento_P1\Escorregamento_P1_172.wav,Escorregamento_P1,1,Continuous_Friction_and_Wear,train
Escorregamento_P1_173.wav,Base_de_Dados\Escorregamento_P1\Escorregamento_P1_173.wav,Escorregamento_P1,1,Continuous_Friction_and_Wear,val
Escorregamento_P1_174.wav,Base_de_Dados\Escorregamento_P1\Escorregamento_P1_174.wav,Escorregamento_P1,1,Continuous_Friction_and_Wear,test
Escorregamento_P1_175.wav,Base_de_Dados\Escorregamento_P1\Escorregamento_P1_175.wav,Escorregamento_P1,1,Continuous_Friction_and_Wear,train
Escorregamento_P1_176.wav,Base_de_Dados\Escorregamento_P1\Escorregamento_P1_176.wav,Escorregamento_P1,1,Continuous_Friction_and_Wear,train
Escorregamento_P1_177.wav,Base_de_Dados\Escorregamento_P1\Escorregamento_P1_177.wav,Escorregamento_P1,1,Continuous_Friction_and_Wear,train
Escorregamento_P1_178.wav,Base_de_Dados\Escorregamento_P1\Escorregamento_P1_178.wav,Escorregamento_P1,1,Continuous_Friction_and_Wear,train
Escorregamento_P1_179.wav,Base_de_Dados\Escorregamento_P1\Escorregamento_P1_179.wav,Escorregamento_P1,1,Continuous_Friction_and_Wear,train
Escorregamento_P1_18.wav,Base_de_Dados\Escorregamento_P1\Escorregamento_P1_18.wav,Escorregamento_P1,1,Continuous_Friction_and_Wear,train
Escorregamento_P1_19.wav,Base_de_Dados\Escorregamento_P1\Escorregamento_P1_19.wav,Escorregamento_P1,1,Continuous_Friction_and_Wear,train
Escorregamento_P1_2.wav,Base_de_Dados\Escorregamento_P1\Escorregamento_P1_2.wav,Escorregamento_P1,1,Continuous_Friction_and_Wear,train
Escorregamento_P1_20.wav,Base_de_Dados\Escorregamento_P1\Escorregamento_P1_20.wav,Escorregamento_P1,1,Continuous_Friction_and_Wear,train
Escorregamento_P1_21.wav,Base_de_Dados\Escorregamento_P1\Escorregamento_P1_21.wav,Escorregamento_P1,1,Continuous_Friction_and_Wear,val
Escorregamento_P1_22.wav,Base_de_Dados\Escorregamento_P1\Escorregamento_P1_22.wav,Escorregamento_P1,1,Continuous_Friction_and_Wear,val
Escorregamento_P1_23.wav,Base_de_Dados\Escorregamento_P1\Escorregamento_P1_23.wav,Escorregamento_P1,1,Continuous_Friction_and_Wear,val
Escorregamento_P1_24.wav,Base_de_Dados\Escorregamento_P1\Escorregamento_P1_24.wav,Escorregamento_P1,1,Continuous_Friction_and_Wear,val
Escorregamento_P1_25.wav,Base_de_Dados\Escorregamento_P1\Escorregamento_P1_25.wav,Escorregamento_P1,1,Continuous_Friction_and_Wear,test
Escorregamento_P1_26.wav,Base_de_Dados\Escorregamento_P1\Escorregamento_P1_26.wav,Escorregamento_P1,1,Continuous_Friction_and_Wear,train
Escorregamento_P1_27.wav,Base_de_Dados\Escorregamento_P1\Escorregamento_P1_27.wav,Escorregamento_P1,1,Continuous_Friction_and_Wear,train
Escorregamento_P1_28.wav,Base_de_Dados\Escorregamento_P1\Escorregamento_P1_28.wav,Escorregamento_P1,1,Continuous_Friction_and_Wear,test
Escorregamento_P1_29.wav,Base_de_Dados\Escorregamento_P1\Escorregamento_P1_29.wav,Escorregamento_P1,1,Continuous_Friction_and_Wear,val
Escorregamento_P1_3.wav,Base_de_Dados\Escorregamento_P1\Escorregamento_P1_3.wav,Escorregamento_P1,1,Continuous_Friction_and_Wear,train
Escorregamento_P1_30.wav,Base_de_Dados\Escorregamento_P1\Escorregamento_P1_30.wav,Escorregamento_P1,1,Continuous_Friction_and_Wear,test
Escorregamento_P1_31.wav,Base_de_Dados\Escorregamento_P1\Escorregamento_P1_31.wav,Escorregamento_P1,1,Continuous_Friction_and_Wear,test
Escorregamento_P1_32.wav,Base_de_Dados\Escorregamento_P1\Escorregamento_P1_32.wav,Escorregamento_P1,1,Continuous_Friction_and_Wear,train
Escorregamento_P1_33.wav,Base_de_Dados\Escorregamento_P1\Escorregamento_P1_33.wav,Escorregamento_P1,1,Continuous_Friction_and_Wear,train
Escorregamento_P1_34.wav,Base_de_Dados\Escorregamento_P1\Escorregamento_P1_34.wav,Escorregamento_P1,1,Continuous_Friction_and_Wear,train
Escorregamento_P1_35.wav,Base_de_Dados\Escorregamento_P1\Escorregamento_P1_35.wav,Escorregamento_P1,1,Continuous_Friction_and_Wear,test
Escorregamento_P1_36.wav,Base_de_Dados\Escorregamento_P1\Escorregamento_P1_36.wav,Escorregamento_P1,1,Continuous_Friction_and_Wear,train
Escorregamento_P1_37.wav,Base_de_Dados\Escorregamento_P1\Escorregamento_P1_37.wav,Escorregamento_P1,1,Continuous_Friction_and_Wear,val
Escorregamento_P1_38.wav,Base_de_Dados\Escorregamento_P1\Escorregamento_P1_38.wav,Escorregamento_P1,1,Continuous_Friction_and_Wear,val
Escorregamento_P1_39.wav,Base_de_Dados\Escorregamento_P1\Escorregamento_P1_39.wav,Escorregamento_P1,1,Continuous_Friction_and_Wear,train
Escorregamento_P1_4.wav,Base_de_Dados\Escorregamento_P1\Escorregamento_P1_4.wav,Escorregamento_P1,1,Continuous_Friction_and_Wear,train
Escorregamento_P1_40.wav,Base_de_Dados\Escorregamento_P1\Escorregamento_P1_40.wav,Escorregamento_P1,1,Continuous_Friction_and_Wear,test
Escorregamento_P1_41.wav,Base_de_Dados\Escorregamento_P1\Escorregamento_P1_41.wav,Escorregamento_P1,1,Continuous_Friction_and_Wear,train
Escorregamento_P1_42.wav,Base_de_Dados\Escorregamento_P1\Escorregamento_P1_42.wav,Escorregamento_P1,1,Continuous_Friction_and_Wear,train
Escorregamento_P1_43.wav,Base_de_Dados\Escorregamento_P1\Escorregamento_P1_43.wav,Escorregamento_P1,1,Continuous_Friction_and_Wear,val
Escorregamento_P1_44.wav,Base_de_Dados\Escorregamento_P1\Escorregamento_P1_44.wav,Escorregamento_P1,1,Continuous_Friction_and_Wear,train
Escorregamento_P1_45.wav,Base_de_Dados\Escorregamento_P1\Escorregamento_P1_45.wav,Escorregamento_P1,1,Continuous_Friction_and_Wear,train
Escorregamento_P1_46.wav,Base_de_Dados\Escorregamento_P1\Escorregamento_P1_46.wav,Escorregamento_P1,1,Continuous_Friction_and_Wear,train
Escorregamento_P1_47.wav,Base_de_Dados\Escorregamento_P1\Escorregamento_P1_47.wav,Escorregamento_P1,1,Continuous_Friction_and_Wear,train
Escorregamento_P1_48.wav,Base_de_Dados\Escorregamento_P1\Escorregamento_P1_48.wav,Escorregamento_P1,1,Continuous_Friction_and_Wear,test
Escorregamento_P1_49.wav,Base_de_Dados\Escorregamento_P1\Escorregamento_P1_49.wav,Escorregamento_P1,1,Continuous_Friction_and_Wear,val
Escorregamento_P1_5.wav,Base_de_Dados\Escorregamento_P1\Escorregamento_P1_5.wav,Escorregamento_P1,1,Continuous_Friction_and_Wear,test
Escorregamento_P1_50.wav,Base_de_Dados\Escorregamento_P1\Escorregamento_P1_50.wav,Escorregamento_P1,1,Continuous_Friction_and_Wear,train
Escorregamento_P1_51.wav,Base_de_Dados\Escorregamento_P1\Escorregamento_P1_51.wav,Escorregamento_P1,1,Continuous_Friction_and_Wear,val
Escorregamento_P1_52.wav,Base_de_Dados\Escorregamento_P1\Escorregamento_P1_52.wav,Escorregamento_P1,1,Continuous_Friction_and_Wear,train
Escorregamento_P1_53.wav,Base_de_Dados\Escorregamento_P1\Escorregamento_P1_53.wav,Escorregamento_P1,1,Continuous_Friction_and_Wear,val
Escorregamento_P1_54.wav,Base_de_Dados\Escorregamento_P1\Escorregamento_P1_54.wav,Escorregamento_P1,1,Continuous_Friction_and_Wear,train
Escorregamento_P1_55.wav,Base_de_Dados\Escorregamento_P1\Escorregamento_P1_55.wav,Escorregamento_P1,1,Continuous_Friction_and_Wear,train
Escorregamento_P1_56.wav,Base_de_Dados\Escorregamento_P1\Escorregamento_P1_56.wav,Escorregamento_P1,1,Continuous_Friction_and_Wear,train
Escorregamento_P1_57.wav,Base_de_Dados\Escorregamento_P1\Escorregamento_P1_57.wav,Escorregamento_P1,1,Continuous_Friction_and_Wear,val
Escorregamento_P1_58.wav,Base_de_Dados\Escorregamento_P1\Escorregamento_P1_58.wav,Escorregamento_P1,1,Continuous_Friction_and_Wear,train
Escorregamento_P1_59.wav,Base_de_Dados\Escorregamento_P1\Escorregamento_P1_59.wav,Escorregamento_P1,1,Continuous_Friction_and_Wear,train
Escorregamento_P1_6.wav,Base_de_Dados\Escorregamento_P1\Escorregamento_P1_6.wav,Escorregamento_P1,1,Continuous_Friction_and_Wear,val
Escorregamento_P1_60.wav,Base_de_Dados\Escorregamento_P1\Escorregamento_P1_60.wav,Escorregamento_P1,1,Continuous_Friction_and_Wear,train
Escorregamento_P1_61.wav,Base_de_Dados\Escorregamento_P1\Escorregamento_P1_61.wav,Escorregamento_P1,1,Continuous_Friction_and_Wear,train
Escorregamento_P1_62.wav,Base_de_Dados\Escorregamento_P1\Escorregamento_P1_62.wav,Escorregamento_P1,1,Continuous_Friction_and_Wear,test
Escorregamento_P1_63.wav,Base_de_Dados\Escorregamento_P1\Escorregamento_P1_63.wav,Escorregamento_P1,1,Continuous_Friction_and_Wear,train
Escorregamento_P1_64.wav,Base_de_Dados\Escorregamento_P1\Escorregamento_P1_64.wav,Escorregamento_P1,1,Continuous_Friction_and_Wear,train
Escorregamento_P1_65.wav,Base_de_Dados\Escorregamento_P1\Escorregamento_P1_65.wav,Escorregamento_P1,1,Continuous_Friction_and_Wear,test
Escorregamento_P1_66.wav,Base_de_Dados\Escorregamento_P1\Escorregamento_P1_66.wav,Escorregamento_P1,1,Continuous_Friction_and_Wear,val
Escorregamento_P1_67.wav,Base_de_Dados\Escorregamento_P1\Escorregamento_P1_67.wav,Escorregamento_P1,1,Continuous_Friction_and_Wear,test
Escorregamento_P1_68.wav,Base_de_Dados\Escorregamento_P1\Escorregamento_P1_68.wav,Escorregamento_P1,1,Continuous_Friction_and_Wear,val
Escorregamento_P1_69.wav,Base_de_Dados\Escorregamento_P1\Escorregamento_P1_69.wav,Escorregamento_P1,1,Continuous_Friction_and_Wear,train
Escorregamento_P1_7.wav,Base_de_Dados\Escorregamento_P1\Escorregamento_P1_7.wav,Escorregamento_P1,1,Continuous_Friction_and_Wear,train
Escorregamento_P1_70.wav,Base_de_Dados\Escorregamento_P1\Escorregamento_P1_70.wav,Escorregamento_P1,1,Continuous_Friction_and_Wear,val
Escorregamento_P1_71.wav,Base_de_Dados\Escorregamento_P1\Escorregamento_P1_71.wav,Escorregamento_P1,1,Continuous_Friction_and_Wear,train
Escorregamento_P1_72.wav,Base_de_Dados\Escorregamento_P1\Escorregamento_P1_72.wav,Escorregamento_P1,1,Continuous_Friction_and_Wear,train
Escorregamento_P1_73.wav,Base_de_Dados\Escorregamento_P1\Escorregamento_P1_73.wav,Escorregamento_P1,1,Continuous_Friction_and_Wear,train
Escorregamento_P1_74.wav,Base_de_Dados\Escorregamento_P1\Escorregamento_P1_74.wav,Escorregamento_P1,1,Continuous_Friction_and_Wear,val
Escorregamento_P1_75.wav,Base_de_Dados\Escorregamento_P1\Escorregamento_P1_75.wav,Escorregamento_P1,1,Continuous_Friction_and_Wear,train
Escorregamento_P1_76.wav,Base_de_Dados\Escorregamento_P1\Escorregamento_P1_76.wav,Escorregamento_P1,1,Continuous_Friction_and_Wear,train
Escorregamento_P1_77.wav,Base_de_Dados\Escorregamento_P1\Escorregamento_P1_77.wav,Escorregamento_P1,1,Continuous_Friction_and_Wear,train
Escorregamento_P1_78.wav,Base_de_Dados\Escorregamento_P1\Escorregamento_P1_78.wav,Escorregamento_P1,1,Continuous_Friction_and_Wear,train
Escorregamento_P1_79.wav,Base_de_Dados\Escorregamento_P1\Escorregamento_P1_79.wav,Escorregamento_P1,1,Continuous_Friction_and_Wear,train
Escorregamento_P1_8.wav,Base_de_Dados\Escorregamento_P1\Escorregamento_P1_8.wav,Escorregamento_P1,1,Continuous_Friction_and_Wear,val
Escorregamento_P1_80.wav,Base_de_Dados\Escorregamento_P1\Escorregamento_P1_80.wav,Escorregamento_P1,1,Continuous_Friction_and_Wear,test
Escorregamento_P1_81.wav,Base_de_Dados\Escorregamento_P1\Escorregamento_P1_81.wav,Escorregamento_P1,1,Continuous_Friction_and_Wear,val
Escorregamento_P1_82.wav,Base_de_Dados\Escorregamento_P1\Escorregamento_P1_82.wav,Escorregamento_P1,1,Continuous_Friction_and_Wear,train
Escorregamento_P1_83.wav,Base_de_Dados\Escorregamento_P1\Escorregamento_P1_83.wav,Escorregamento_P1,1,Continuous_Friction_and_Wear,train
Escorregamento_P1_84.wav,Base_de_Dados\Escorregamento_P1\Escorregamento_P1_84.wav,Escorregamento_P1,1,Continuous_Friction_and_Wear,train
Escorregamento_P1_85.wav,Base_de_Dados\Escorregamento_P1\Escorregamento_P1_85.wav,Escorregamento_P1,1,Continuous_Friction_and_Wear,train
Escorregamento_P1_86.wav,Base_de_Dados\Escorregamento_P1\Escorregamento_P1_86.wav,Escorregamento_P1,1,Continuous_Friction_and_Wear,train
Escorregamento_P1_87.wav,Base_de_Dados\Escorregamento_P1\Escorregamento_P1_87.wav,Escorregamento_P1,1,Continuous_Friction_and_Wear,train
Escorregamento_P1_88.wav,Base_de_Dados\Escorregamento_P1\Escorregamento_P1_88.wav,Escorregamento_P1,1,Continuous_Friction_and_Wear,test
Escorregamento_P1_89.wav,Base_de_Dados\Escorregamento_P1\Escorregamento_P1_89.wav,Escorregamento_P1,1,Continuous_Friction_and_Wear,train
Escorregamento_P1_9.wav,Base_de_Dados\Escorregamento_P1\Escorregamento_P1_9.wav,Escorregamento_P1,1,Continuous_Friction_and_Wear,train
Escorregamento_P1_90.wav,Base_de_Dados\Escorregamento_P1\Escorregamento_P1_90.wav,Escorregamento_P1,1,Continuous_Friction_and_Wear,test
Escorregamento_P1_91.wav,Base_de_Dados\Escorregamento_P1\Escorregamento_P1_91.wav,Escorregamento_P1,1,Continuous_Friction_and_Wear,val
Escorregamento_P1_92.wav,Base_de_Dados\Escorregamento_P1\Escorregamento_P1_92.wav,Escorregamento_P1,1,Continuous_Friction_and_Wear,train
Escorregamento_P1_93.wav,Base_de_Dados\Escorregamento_P1\Escorregamento_P1_93.wav,Escorregamento_P1,1,Continuous_Friction_and_Wear,train
Escorregamento_P1_94.wav,Base_de_Dados\Escorregamento_P1\Escorregamento_P1_94.wav,Escorregamento_P1,1,Continuous_Friction_and_Wear,train
Escorregamento_P1_95.wav,Base_de_Dados\Escorregamento_P1\Escorregamento_P1_95.wav,Escorregamento_P1,1,Continuous_Friction_and_Wear,val
Escorregamento_P1_96.wav,Base_de_Dados\Escorregamento_P1\Escorregamento_P1_96.wav,Escorregamento_P1,1,Continuous_Friction_and_Wear,val
Escorregamento_P1_97.wav,Base_de_Dados\Escorregamento_P1\Escorregamento_P1_97.wav,Escorregamento_P1,1,Continuous_Friction_and_Wear,val
Escorregamento_P1_98.wav,Base_de_Dados\Escorregamento_P1\Escorregamento_P1_98.wav,Escorregamento_P1,1,Continuous_Friction_and_Wear,train
Escorregamento_P1_99.wav,Base_de_Dados\Escorregamento_P1\Escorregamento_P1_99.wav,Escorregamento_P1,1,Continuous_Friction_and_Wear,train
Escorregamento_P1P4_1.wav,Base_de_Dados\Escorregamento_P1P4\Escorregamento_P1P4_1.wav,Escorregamento_P1P4,1,Continuous_Friction_and_Wear,train
Escorregamento_P1P4_10.wav,Base_de_Dados\Escorregamento_P1P4\Escorregamento_P1P4_10.wav,Escorregamento_P1P4,1,Continuous_Friction_and_Wear,train
Escorregamento_P1P4_100.wav,Base_de_Dados\Escorregamento_P1P4\Escorregamento_P1P4_100.wav,Escorregamento_P1P4,1,Continuous_Friction_and_Wear,train
Escorregamento_P1P4_101.wav,Base_de_Dados\Escorregamento_P1P4\Escorregamento_P1P4_101.wav,Escorregamento_P1P4,1,Continuous_Friction_and_Wear,val
Escorregamento_P1P4_102.wav,Base_de_Dados\Escorregamento_P1P4\Escorregamento_P1P4_102.wav,Escorregamento_P1P4,1,Continuous_Friction_and_Wear,val
Escorregamento_P1P4_103.wav,Base_de_Dados\Escorregamento_P1P4\Escorregamento_P1P4_103.wav,Escorregamento_P1P4,1,Continuous_Friction_and_Wear,train
Escorregamento_P1P4_104.wav,Base_de_Dados\Escorregamento_P1P4\Escorregamento_P1P4_104.wav,Escorregamento_P1P4,1,Continuous_Friction_and_Wear,test
Escorregamento_P1P4_105.wav,Base_de_Dados\Escorregamento_P1P4\Escorregamento_P1P4_105.wav,Escorregamento_P1P4,1,Continuous_Friction_and_Wear,train
Escorregamento_P1P4_106.wav,Base_de_Dados\Escorregamento_P1P4\Escorregamento_P1P4_106.wav,Escorregamento_P1P4,1,Continuous_Friction_and_Wear,val
Escorregamento_P1P4_107.wav,Base_de_Dados\Escorregamento_P1P4\Escorregamento_P1P4_107.wav,Escorregamento_P1P4,1,Continuous_Friction_and_Wear,train
Escorregamento_P1P4_108.wav,Base_de_Dados\Escorregamento_P1P4\Escorregamento_P1P4_108.wav,Escorregamento_P1P4,1,Continuous_Friction_and_Wear,train
Escorregamento_P1P4_109.wav,Base_de_Dados\Escorregamento_P1P4\Escorregamento_P1P4_109.wav,Escorregamento_P1P4,1,Continuous_Friction_and_Wear,train
Escorregamento_P1P4_11.wav,Base_de_Dados\Escorregamento_P1P4\Escorregamento_P1P4_11.wav,Escorregamento_P1P4,1,Continuous_Friction_and_Wear,train
Escorregamento_P1P4_110.wav,Base_de_Dados\Escorregamento_P1P4\Escorregamento_P1P4_110.wav,Escorregamento_P1P4,1,Continuous_Friction_and_Wear,train
Escorregamento_P1P4_111.wav,Base_de_Dados\Escorregamento_P1P4\Escorregamento_P1P4_111.wav,Escorregamento_P1P4,1,Continuous_Friction_and_Wear,test
Escorregamento_P1P4_112.wav,Base_de_Dados\Escorregamento_P1P4\Escorregamento_P1P4_112.wav,Escorregamento_P1P4,1,Continuous_Friction_and_Wear,train
Escorregamento_P1P4_113.wav,Base_de_Dados\Escorregamento_P1P4\Escorregamento_P1P4_113.wav,Escorregamento_P1P4,1,Continuous_Friction_and_Wear,test
Escorregamento_P1P4_114.wav,Base_de_Dados\Escorregamento_P1P4\Escorregamento_P1P4_114.wav,Escorregamento_P1P4,1,Continuous_Friction_and_Wear,train
Escorregamento_P1P4_115.wav,Base_de_Dados\Escorregamento_P1P4\Escorregamento_P1P4_115.wav,Escorregamento_P1P4,1,Continuous_Friction_and_Wear,train
Escorregamento_P1P4_116.wav,Base_de_Dados\Escorregamento_P1P4\Escorregamento_P1P4_116.wav,Escorregamento_P1P4,1,Continuous_Friction_and_Wear,train
Escorregamento_P1P4_117.wav,Base_de_Dados\Escorregamento_P1P4\Escorregamento_P1P4_117.wav,Escorregamento_P1P4,1,Continuous_Friction_and_Wear,train
Escorregamento_P1P4_118.wav,Base_de_Dados\Escorregamento_P1P4\Escorregamento_P1P4_118.wav,Escorregamento_P1P4,1,Continuous_Friction_and_Wear,train
Escorregamento_P1P4_119.wav,Base_de_Dados\Escorregamento_P1P4\Escorregamento_P1P4_119.wav,Escorregamento_P1P4,1,Continuous_Friction_and_Wear,train
Escorregamento_P1P4_12.wav,Base_de_Dados\Escorregamento_P1P4\Escorregamento_P1P4_12.wav,Escorregamento_P1P4,1,Continuous_Friction_and_Wear,val
Escorregamento_P1P4_120.wav,Base_de_Dados\Escorregamento_P1P4\Escorregamento_P1P4_120.wav,Escorregamento_P1P4,1,Continuous_Friction_and_Wear,train
Escorregamento_P1P4_121.wav,Base_de_Dados\Escorregamento_P1P4\Escorregamento_P1P4_121.wav,Escorregamento_P1P4,1,Continuous_Friction_and_Wear,train
Escorregamento_P1P4_122.wav,Base_de_Dados\Escorregamento_P1P4\Escorregamento_P1P4_122.wav,Escorregamento_P1P4,1,Continuous_Friction_and_Wear,test
Escorregamento_P1P4_123.wav,Base_de_Dados\Escorregamento_P1P4\Escorregamento_P1P4_123.wav,Escorregamento_P1P4,1,Continuous_Friction_and_Wear,test
Escorregamento_P1P4_124.wav,Base_de_Dados\Escorregamento_P1P4\Escorregamento_P1P4_124.wav,Escorregamento_P1P4,1,Continuous_Friction_and_Wear,train
Escorregamento_P1P4_125.wav,Base_de_Dados\Escorregamento_P1P4\Escorregamento_P1P4_125.wav,Escorregamento_P1P4,1,Continuous_Friction_and_Wear,train
Escorregamento_P1P4_126.wav,Base_de_Dados\Escorregamento_P1P4\Escorregamento_P1P4_126.wav,Escorregamento_P1P4,1,Continuous_Friction_and_Wear,train
Escorregamento_P1P4_127.wav,Base_de_Dados\Escorregamento_P1P4\Escorregamento_P1P4_127.wav,Escorregamento_P1P4,1,Continuous_Friction_and_Wear,train
Escorregamento_P1P4_128.wav,Base_de_Dados\Escorregamento_P1P4\Escorregamento_P1P4_128.wav,Escorregamento_P1P4,1,Continuous_Friction_and_Wear,train
Escorregamento_P1P4_129.wav,Base_de_Dados\Escorregamento_P1P4\Escorregamento_P1P4_129.wav,Escorregamento_P1P4,1,Continuous_Friction_and_Wear,test
Escorregamento_P1P4_13.wav,Base_de_Dados\Escorregamento_P1P4\Escorregamento_P1P4_13.wav,Escorregamento_P1P4,1,Continuous_Friction_and_Wear,test
Escorregamento_P1P4_130.wav,Base_de_Dados\Escorregamento_P1P4\Escorregamento_P1P4_130.wav,Escorregamento_P1P4,1,Continuous_Friction_and_Wear,train
Escorregamento_P1P4_131.wav,Base_de_Dados\Escorregamento_P1P4\Escorregamento_P1P4_131.wav,Escorregamento_P1P4,1,Continuous_Friction_and_Wear,train
Escorregamento_P1P4_132.wav,Base_de_Dados\Escorregamento_P1P4\Escorregamento_P1P4_132.wav,Escorregamento_P1P4,1,Continuous_Friction_and_Wear,train
Escorregamento_P1P4_133.wav,Base_de_Dados\Escorregamento_P1P4\Escorregamento_P1P4_133.wav,Escorregamento_P1P4,1,Continuous_Friction_and_Wear,val
Escorregamento_P1P4_134.wav,Base_de_Dados\Escorregamento_P1P4\Escorregamento_P1P4_134.wav,Escorregamento_P1P4,1,Continuous_Friction_and_Wear,test
Escorregamento_P1P4_135.wav,Base_de_Dados\Escorregamento_P1P4\Escorregamento_P1P4_135.wav,Escorregamento_P1P4,1,Continuous_Friction_and_Wear,val
Escorregamento_P1P4_136.wav,Base_de_Dados\Escorregamento_P1P4\Escorregamento_P1P4_136.wav,Escorregamento_P1P4,1,Continuous_Friction_and_Wear,train
Escorregamento_P1P4_137.wav,Base_de_Dados\Escorregamento_P1P4\Escorregamento_P1P4_137.wav,Escorregamento_P1P4,1,Continuous_Friction_and_Wear,test
Escorregamento_P1P4_138.wav,Base_de_Dados\Escorregamento_P1P4\Escorregamento_P1P4_138.wav,Escorregamento_P1P4,1,Continuous_Friction_and_Wear,train
Escorregamento_P1P4_139.wav,Base_de_Dados\Escorregamento_P1P4\Escorregamento_P1P4_139.wav,Escorregamento_P1P4,1,Continuous_Friction_and_Wear,test
Escorregamento_P1P4_14.wav,Base_de_Dados\Escorregamento_P1P4\Escorregamento_P1P4_14.wav,Escorregamento_P1P4,1,Continuous_Friction_and_Wear,test
Escorregamento_P1P4_140.wav,Base_de_Dados\Escorregamento_P1P4\Escorregamento_P1P4_140.wav,Escorregamento_P1P4,1,Continuous_Friction_and_Wear,train
Escorregamento_P1P4_141.wav,Base_de_Dados\Escorregamento_P1P4\Escorregamento_P1P4_141.wav,Escorregamento_P1P4,1,Continuous_Friction_and_Wear,train
Escorregamento_P1P4_142.wav,Base_de_Dados\Escorregamento_P1P4\Escorregamento_P1P4_142.wav,Escorregamento_P1P4,1,Continuous_Friction_and_Wear,train
Escorregamento_P1P4_143.wav,Base_de_Dados\Escorregamento_P1P4\Escorregamento_P1P4_143.wav,Escorregamento_P1P4,1,Continuous_Friction_and_Wear,test
Escorregamento_P1P4_144.wav,Base_de_Dados\Escorregamento_P1P4\Escorregamento_P1P4_144.wav,Escorregamento_P1P4,1,Continuous_Friction_and_Wear,train
Escorregamento_P1P4_145.wav,Base_de_Dados\Escorregamento_P1P4\Escorregamento_P1P4_145.wav,Escorregamento_P1P4,1,Continuous_Friction_and_Wear,train
Escorregamento_P1P4_146.wav,Base_de_Dados\Escorregamento_P1P4\Escorregamento_P1P4_146.wav,Escorregamento_P1P4,1,Continuous_Friction_and_Wear,train
Escorregamento_P1P4_147.wav,Base_de_Dados\Escorregamento_P1P4\Escorregamento_P1P4_147.wav,Escorregamento_P1P4,1,Continuous_Friction_and_Wear,val
Escorregamento_P1P4_148.wav,Base_de_Dados\Escorregamento_P1P4\Escorregamento_P1P4_148.wav,Escorregamento_P1P4,1,Continuous_Friction_and_Wear,train
Escorregamento_P1P4_149.wav,Base_de_Dados\Escorregamento_P1P4\Escorregamento_P1P4_149.wav,Escorregamento_P1P4,1,Continuous_Friction_and_Wear,val
Escorregamento_P1P4_15.wav,Base_de_Dados\Escorregamento_P1P4\Escorregamento_P1P4_15.wav,Escorregamento_P1P4,1,Continuous_Friction_and_Wear,train
Escorregamento_P1P4_150.wav,Base_de_Dados\Escorregamento_P1P4\Escorregamento_P1P4_150.wav,Escorregamento_P1P4,1,Continuous_Friction_and_Wear,val
Escorregamento_P1P4_151.wav,Base_de_Dados\Escorregamento_P1P4\Escorregamento_P1P4_151.wav,Escorregamento_P1P4,1,Continuous_Friction_and_Wear,train
Escorregamento_P1P4_152.wav,Base_de_Dados\Escorregamento_P1P4\Escorregamento_P1P4_152.wav,Escorregamento_P1P4,1,Continuous_Friction_and_Wear,train
Escorregamento_P1P4_153.wav,Base_de_Dados\Escorregamento_P1P4\Escorregamento_P1P4_153.wav,Escorregamento_P1P4,1,Continuous_Friction_and_Wear,train
Escorregamento_P1P4_154.wav,Base_de_Dados\Escorregamento_P1P4\Escorregamento_P1P4_154.wav,Escorregamento_P1P4,1,Continuous_Friction_and_Wear,test
Escorregamento_P1P4_155.wav,Base_de_Dados\Escorregamento_P1P4\Escorregamento_P1P4_155.wav,Escorregamento_P1P4,1,Continuous_Friction_and_Wear,train
Escorregamento_P1P4_156.wav,Base_de_Dados\Escorregamento_P1P4\Escorregamento_P1P4_156.wav,Escorregamento_P1P4,1,Continuous_Friction_and_Wear,test
Escorregamento_P1P4_157.wav,Base_de_Dados\Escorregamento_P1P4\Escorregamento_P1P4_157.wav,Escorregamento_P1P4,1,Continuous_Friction_and_Wear,val
Escorregamento_P1P4_158.wav,Base_de_Dados\Escorregamento_P1P4\Escorregamento_P1P4_158.wav,Escorregamento_P1P4,1,Continuous_Friction_and_Wear,train
Escorregamento_P1P4_159.wav,Base_de_Dados\Escorregamento_P1P4\Escorregamento_P1P4_159.wav,Escorregamento_P1P4,1,Continuous_Friction_and_Wear,train
Escorregamento_P1P4_16.wav,Base_de_Dados\Escorregamento_P1P4\Escorregamento_P1P4_16.wav,Escorregamento_P1P4,1,Continuous_Friction_and_Wear,train
Escorregamento_P1P4_160.wav,Base_de_Dados\Escorregamento_P1P4\Escorregamento_P1P4_160.wav,Escorregamento_P1P4,1,Continuous_Friction_and_Wear,train
Escorregamento_P1P4_161.wav,Base_de_Dados\Escorregamento_P1P4\Escorregamento_P1P4_161.wav,Escorregamento_P1P4,1,Continuous_Friction_and_Wear,val
Escorregamento_P1P4_162.wav,Base_de_Dados\Escorregamento_P1P4\Escorregamento_P1P4_162.wav,Escorregamento_P1P4,1,Continuous_Friction_and_Wear,train
Escorregamento_P1P4_163.wav,Base_de_Dados\Escorregamento_P1P4\Escorregamento_P1P4_163.wav,Escorregamento_P1P4,1,Continuous_Friction_and_Wear,train
Escorregamento_P1P4_164.wav,Base_de_Dados\Escorregamento_P1P4\Escorregamento_P1P4_164.wav,Escorregamento_P1P4,1,Continuous_Friction_and_Wear,train
Escorregamento_P1P4_165.wav,Base_de_Dados\Escorregamento_P1P4\Escorregamento_P1P4_165.wav,Escorregamento_P1P4,1,Continuous_Friction_and_Wear,train
Escorregamento_P1P4_166.wav,Base_de_Dados\Escorregamento_P1P4\Escorregamento_P1P4_166.wav,Escorregamento_P1P4,1,Continuous_Friction_and_Wear,val
Escorregamento_P1P4_167.wav,Base_de_Dados\Escorregamento_P1P4\Escorregamento_P1P4_167.wav,Escorregamento_P1P4,1,Continuous_Friction_and_Wear,train
Escorregamento_P1P4_168.wav,Base_de_Dados\Escorregamento_P1P4\Escorregamento_P1P4_168.wav,Escorregamento_P1P4,1,Continuous_Friction_and_Wear,train
Escorregamento_P1P4_169.wav,Base_de_Dados\Escorregamento_P1P4\Escorregamento_P1P4_169.wav,Escorregamento_P1P4,1,Continuous_Friction_and_Wear,train
Escorregamento_P1P4_17.wav,Base_de_Dados\Escorregamento_P1P4\Escorregamento_P1P4_17.wav,Escorregamento_P1P4,1,Continuous_Friction_and_Wear,train
Escorregamento_P1P4_170.wav,Base_de_Dados\Escorregamento_P1P4\Escorregamento_P1P4_170.wav,Escorregamento_P1P4,1,Continuous_Friction_and_Wear,test
Escorregamento_P1P4_171.wav,Base_de_Dados\Escorregamento_P1P4\Escorregamento_P1P4_171.wav,Escorregamento_P1P4,1,Continuous_Friction_and_Wear,val
Escorregamento_P1P4_172.wav,Base_de_Dados\Escorregamento_P1P4\Escorregamento_P1P4_172.wav,Escorregamento_P1P4,1,Continuous_Friction_and_Wear,train
Escorregamento_P1P4_173.wav,Base_de_Dados\Escorregamento_P1P4\Escorregamento_P1P4_173.wav,Escorregamento_P1P4,1,Continuous_Friction_and_Wear,train
Escorregamento_P1P4_174.wav,Base_de_Dados\Escorregamento_P1P4\Escorregamento_P1P4_174.wav,Escorregamento_P1P4,1,Continuous_Friction_and_Wear,test
Escorregamento_P1P4_175.wav,Base_de_Dados\Escorregamento_P1P4\Escorregamento_P1P4_175.wav,Escorregamento_P1P4,1,Continuous_Friction_and_Wear,train
Escorregamento_P1P4_176.wav,Base_de_Dados\Escorregamento_P1P4\Escorregamento_P1P4_176.wav,Escorregamento_P1P4,1,Continuous_Friction_and_Wear,train
Escorregamento_P1P4_177.wav,Base_de_Dados\Escorregamento_P1P4\Escorregamento_P1P4_177.wav,Escorregamento_P1P4,1,Continuous_Friction_and_Wear,train
Escorregamento_P1P4_178.wav,Base_de_Dados\Escorregamento_P1P4\Escorregamento_P1P4_178.wav,Escorregamento_P1P4,1,Continuous_Friction_and_Wear,train
Escorregamento_P1P4_179.wav,Base_de_Dados\Escorregamento_P1P4\Escorregamento_P1P4_179.wav,Escorregamento_P1P4,1,Continuous_Friction_and_Wear,val
Escorregamento_P1P4_18.wav,Base_de_Dados\Escorregamento_P1P4\Escorregamento_P1P4_18.wav,Escorregamento_P1P4,1,Continuous_Friction_and_Wear,train
Escorregamento_P1P4_19.wav,Base_de_Dados\Escorregamento_P1P4\Escorregamento_P1P4_19.wav,Escorregamento_P1P4,1,Continuous_Friction_and_Wear,train
Escorregamento_P1P4_2.wav,Base_de_Dados\Escorregamento_P1P4\Escorregamento_P1P4_2.wav,Escorregamento_P1P4,1,Continuous_Friction_and_Wear,train
Escorregamento_P1P4_20.wav,Base_de_Dados\Escorregamento_P1P4\Escorregamento_P1P4_20.wav,Escorregamento_P1P4,1,Continuous_Friction_and_Wear,train
Escorregamento_P1P4_21.wav,Base_de_Dados\Escorregamento_P1P4\Escorregamento_P1P4_21.wav,Escorregamento_P1P4,1,Continuous_Friction_and_Wear,train
Escorregamento_P1P4_22.wav,Base_de_Dados\Escorregamento_P1P4\Escorregamento_P1P4_22.wav,Escorregamento_P1P4,1,Continuous_Friction_and_Wear,test
Escorregamento_P1P4_23.wav,Base_de_Dados\Escorregamento_P1P4\Escorregamento_P1P4_23.wav,Escorregamento_P1P4,1,Continuous_Friction_and_Wear,train
Escorregamento_P1P4_24.wav,Base_de_Dados\Escorregamento_P1P4\Escorregamento_P1P4_24.wav,Escorregamento_P1P4,1,Continuous_Friction_and_Wear,train
Escorregamento_P1P4_25.wav,Base_de_Dados\Escorregamento_P1P4\Escorregamento_P1P4_25.wav,Escorregamento_P1P4,1,Continuous_Friction_and_Wear,train
Escorregamento_P1P4_26.wav,Base_de_Dados\Escorregamento_P1P4\Escorregamento_P1P4_26.wav,Escorregamento_P1P4,1,Continuous_Friction_and_Wear,train
Escorregamento_P1P4_27.wav,Base_de_Dados\Escorregamento_P1P4\Escorregamento_P1P4_27.wav,Escorregamento_P1P4,1,Continuous_Friction_and_Wear,train
Escorregamento_P1P4_28.wav,Base_de_Dados\Escorregamento_P1P4\Escorregamento_P1P4_28.wav,Escorregamento_P1P4,1,Continuous_Friction_and_Wear,val
Escorregamento_P1P4_29.wav,Base_de_Dados\Escorregamento_P1P4\Escorregamento_P1P4_29.wav,Escorregamento_P1P4,1,Continuous_Friction_and_Wear,test
Escorregamento_P1P4_3.wav,Base_de_Dados\Escorregamento_P1P4\Escorregamento_P1P4_3.wav,Escorregamento_P1P4,1,Continuous_Friction_and_Wear,train
Escorregamento_P1P4_30.wav,Base_de_Dados\Escorregamento_P1P4\Escorregamento_P1P4_30.wav,Escorregamento_P1P4,1,Continuous_Friction_and_Wear,train
Escorregamento_P1P4_31.wav,Base_de_Dados\Escorregamento_P1P4\Escorregamento_P1P4_31.wav,Escorregamento_P1P4,1,Continuous_Friction_and_Wear,train
Escorregamento_P1P4_32.wav,Base_de_Dados\Escorregamento_P1P4\Escorregamento_P1P4_32.wav,Escorregamento_P1P4,1,Continuous_Friction_and_Wear,test
Escorregamento_P1P4_33.wav,Base_de_Dados\Escorregamento_P1P4\Escorregamento_P1P4_33.wav,Escorregamento_P1P4,1,Continuous_Friction_and_Wear,train
Escorregamento_P1P4_34.wav,Base_de_Dados\Escorregamento_P1P4\Escorregamento_P1P4_34.wav,Escorregamento_P1P4,1,Continuous_Friction_and_Wear,train
Escorregamento_P1P4_35.wav,Base_de_Dados\Escorregamento_P1P4\Escorregamento_P1P4_35.wav,Escorregamento_P1P4,1,Continuous_Friction_and_Wear,train
Escorregamento_P1P4_36.wav,Base_de_Dados\Escorregamento_P1P4\Escorregamento_P1P4_36.wav,Escorregamento_P1P4,1,Continuous_Friction_and_Wear,train
Escorregamento_P1P4_37.wav,Base_de_Dados\Escorregamento_P1P4\Escorregamento_P1P4_37.wav,Escorregamento_P1P4,1,Continuous_Friction_and_Wear,train
Escorregamento_P1P4_38.wav,Base_de_Dados\Escorregamento_P1P4\Escorregamento_P1P4_38.wav,Escorregamento_P1P4,1,Continuous_Friction_and_Wear,test
Escorregamento_P1P4_39.wav,Base_de_Dados\Escorregamento_P1P4\Escorregamento_P1P4_39.wav,Escorregamento_P1P4,1,Continuous_Friction_and_Wear,val
Escorregamento_P1P4_4.wav,Base_de_Dados\Escorregamento_P1P4\Escorregamento_P1P4_4.wav,Escorregamento_P1P4,1,Continuous_Friction_and_Wear,val
Escorregamento_P1P4_40.wav,Base_de_Dados\Escorregamento_P1P4\Escorregamento_P1P4_40.wav,Escorregamento_P1P4,1,Continuous_Friction_and_Wear,test
Escorregamento_P1P4_41.wav,Base_de_Dados\Escorregamento_P1P4\Escorregamento_P1P4_41.wav,Escorregamento_P1P4,1,Continuous_Friction_and_Wear,val
Escorregamento_P1P4_42.wav,Base_de_Dados\Escorregamento_P1P4\Escorregamento_P1P4_42.wav,Escorregamento_P1P4,1,Continuous_Friction_and_Wear,train
Escorregamento_P1P4_43.wav,Base_de_Dados\Escorregamento_P1P4\Escorregamento_P1P4_43.wav,Escorregamento_P1P4,1,Continuous_Friction_and_Wear,train
Escorregamento_P1P4_44.wav,Base_de_Dados\Escorregamento_P1P4\Escorregamento_P1P4_44.wav,Escorregamento_P1P4,1,Continuous_Friction_and_Wear,test
Escorregamento_P1P4_45.wav,Base_de_Dados\Escorregamento_P1P4\Escorregamento_P1P4_45.wav,Escorregamento_P1P4,1,Continuous_Friction_and_Wear,train
Escorregamento_P1P4_46.wav,Base_de_Dados\Escorregamento_P1P4\Escorregamento_P1P4_46.wav,Escorregamento_P1P4,1,Continuous_Friction_and_Wear,train
Escorregamento_P1P4_47.wav,Base_de_Dados\Escorregamento_P1P4\Escorregamento_P1P4_47.wav,Escorregamento_P1P4,1,Continuous_Friction_and_Wear,train
Escorregamento_P1P4_48.wav,Base_de_Dados\Escorregamento_P1P4\Escorregamento_P1P4_48.wav,Escorregamento_P1P4,1,Continuous_Friction_and_Wear,test
Escorregamento_P1P4_49.wav,Base_de_Dados\Escorregamento_P1P4\Escorregamento_P1P4_49.wav,Escorregamento_P1P4,1,Continuous_Friction_and_Wear,train
Escorregamento_P1P4_5.wav,Base_de_Dados\Escorregamento_P1P4\Escorregamento_P1P4_5.wav,Escorregamento_P1P4,1,Continuous_Friction_and_Wear,train
Escorregamento_P1P4_50.wav,Base_de_Dados\Escorregamento_P1P4\Escorregamento_P1P4_50.wav,Escorregamento_P1P4,1,Continuous_Friction_and_Wear,train
Escorregamento_P1P4_51.wav,Base_de_Dados\Escorregamento_P1P4\Escorregamento_P1P4_51.wav,Escorregamento_P1P4,1,Continuous_Friction_and_Wear,train
Escorregamento_P1P4_52.wav,Base_de_Dados\Escorregamento_P1P4\Escorregamento_P1P4_52.wav,Escorregamento_P1P4,1,Continuous_Friction_and_Wear,train
Escorregamento_P1P4_53.wav,Base_de_Dados\Escorregamento_P1P4\Escorregamento_P1P4_53.wav,Escorregamento_P1P4,1,Continuous_Friction_and_Wear,train
Escorregamento_P1P4_54.wav,Base_de_Dados\Escorregamento_P1P4\Escorregamento_P1P4_54.wav,Escorregamento_P1P4,1,Continuous_Friction_and_Wear,train
Escorregamento_P1P4_55.wav,Base_de_Dados\Escorregamento_P1P4\Escorregamento_P1P4_55.wav,Escorregamento_P1P4,1,Continuous_Friction_and_Wear,test
Escorregamento_P1P4_56.wav,Base_de_Dados\Escorregamento_P1P4\Escorregamento_P1P4_56.wav,Escorregamento_P1P4,1,Continuous_Friction_and_Wear,test
Escorregamento_P1P4_57.wav,Base_de_Dados\Escorregamento_P1P4\Escorregamento_P1P4_57.wav,Escorregamento_P1P4,1,Continuous_Friction_and_Wear,val
Escorregamento_P1P4_58.wav,Base_de_Dados\Escorregamento_P1P4\Escorregamento_P1P4_58.wav,Escorregamento_P1P4,1,Continuous_Friction_and_Wear,val
Escorregamento_P1P4_59.wav,Base_de_Dados\Escorregamento_P1P4\Escorregamento_P1P4_59.wav,Escorregamento_P1P4,1,Continuous_Friction_and_Wear,train
Escorregamento_P1P4_6.wav,Base_de_Dados\Escorregamento_P1P4\Escorregamento_P1P4_6.wav,Escorregamento_P1P4,1,Continuous_Friction_and_Wear,train
Escorregamento_P1P4_60.wav,Base_de_Dados\Escorregamento_P1P4\Escorregamento_P1P4_60.wav,Escorregamento_P1P4,1,Continuous_Friction_and_Wear,train
Escorregamento_P1P4_61.wav,Base_de_Dados\Escorregamento_P1P4\Escorregamento_P1P4_61.wav,Escorregamento_P1P4,1,Continuous_Friction_and_Wear,val
Escorregamento_P1P4_62.wav,Base_de_Dados\Escorregamento_P1P4\Escorregamento_P1P4_62.wav,Escorregamento_P1P4,1,Continuous_Friction_and_Wear,test
Escorregamento_P1P4_63.wav,Base_de_Dados\Escorregamento_P1P4\Escorregamento_P1P4_63.wav,Escorregamento_P1P4,1,Continuous_Friction_and_Wear,train
Escorregamento_P1P4_64.wav,Base_de_Dados\Escorregamento_P1P4\Escorregamento_P1P4_64.wav,Escorregamento_P1P4,1,Continuous_Friction_and_Wear,train
Escorregamento_P1P4_65.wav,Base_de_Dados\Escorregamento_P1P4\Escorregamento_P1P4_65.wav,Escorregamento_P1P4,1,Continuous_Friction_and_Wear,train
Escorregamento_P1P4_66.wav,Base_de_Dados\Escorregamento_P1P4\Escorregamento_P1P4_66.wav,Escorregamento_P1P4,1,Continuous_Friction_and_Wear,train
Escorregamento_P1P4_67.wav,Base_de_Dados\Escorregamento_P1P4\Escorregamento_P1P4_67.wav,Escorregamento_P1P4,1,Continuous_Friction_and_Wear,val
Escorregamento_P1P4_68.wav,Base_de_Dados\Escorregamento_P1P4\Escorregamento_P1P4_68.wav,Escorregamento_P1P4,1,Continuous_Friction_and_Wear,val
Escorregamento_P1P4_69.wav,Base_de_Dados\Escorregamento_P1P4\Escorregamento_P1P4_69.wav,Escorregamento_P1P4,1,Continuous_Friction_and_Wear,test
Escorregamento_P1P4_7.wav,Base_de_Dados\Escorregamento_P1P4\Escorregamento_P1P4_7.wav,Escorregamento_P1P4,1,Continuous_Friction_and_Wear,train
Escorregamento_P1P4_70.wav,Base_de_Dados\Escorregamento_P1P4\Escorregamento_P1P4_70.wav,Escorregamento_P1P4,1,Continuous_Friction_and_Wear,test
Escorregamento_P1P4_71.wav,Base_de_Dados\Escorregamento_P1P4\Escorregamento_P1P4_71.wav,Escorregamento_P1P4,1,Continuous_Friction_and_Wear,val
Escorregamento_P1P4_72.wav,Base_de_Dados\Escorregamento_P1P4\Escorregamento_P1P4_72.wav,Escorregamento_P1P4,1,Continuous_Friction_and_Wear,val
Escorregamento_P1P4_73.wav,Base_de_Dados\Escorregamento_P1P4\Escorregamento_P1P4_73.wav,Escorregamento_P1P4,1,Continuous_Friction_and_Wear,val
Escorregamento_P1P4_74.wav,Base_de_Dados\Escorregamento_P1P4\Escorregamento_P1P4_74.wav,Escorregamento_P1P4,1,Continuous_Friction_and_Wear,test
Escorregamento_P1P4_75.wav,Base_de_Dados\Escorregamento_P1P4\Escorregamento_P1P4_75.wav,Escorregamento_P1P4,1,Continuous_Friction_and_Wear,val
Escorregamento_P1P4_76.wav,Base_de_Dados\Escorregamento_P1P4\Escorregamento_P1P4_76.wav,Escorregamento_P1P4,1,Continuous_Friction_and_Wear,test
Escorregamento_P1P4_77.wav,Base_de_Dados\Escorregamento_P1P4\Escorregamento_P1P4_77.wav,Escorregamento_P1P4,1,Continuous_Friction_and_Wear,train
Escorregamento_P1P4_78.wav,Base_de_Dados\Escorregamento_P1P4\Escorregamento_P1P4_78.wav,Escorregamento_P1P4,1,Continuous_Friction_and_Wear,train
Escorregamento_P1P4_79.wav,Base_de_Dados\Escorregamento_P1P4\Escorregamento_P1P4_79.wav,Escorregamento_P1P4,1,Continuous_Friction_and_Wear,train
Escorregamento_P1P4_8.wav,Base_de_Dados\Escorregamento_P1P4\Escorregamento_P1P4_8.wav,Escorregamento_P1P4,1,Continuous_Friction_and_Wear,test
Escorregamento_P1P4_80.wav,Base_de_Dados\Escorregamento_P1P4\Escorregamento_P1P4_80.wav,Escorregamento_P1P4,1,Continuous_Friction_and_Wear,val
Escorregamento_P1P4_81.wav,Base_de_Dados\Escorregamento_P1P4\Escorregamento_P1P4_81.wav,Escorregamento_P1P4,1,Continuous_Friction_and_Wear,test
Escorregamento_P1P4_82.wav,Base_de_Dados\Escorregamento_P1P4\Escorregamento_P1P4_82.wav,Escorregamento_P1P4,1,Continuous_Friction_and_Wear,val
Escorregamento_P1P4_83.wav,Base_de_Dados\Escorregamento_P1P4\Escorregamento_P1P4_83.wav,Escorregamento_P1P4,1,Continuous_Friction_and_Wear,train
Escorregamento_P1P4_84.wav,Base_de_Dados\Escorregamento_P1P4\Escorregamento_P1P4_84.wav,Escorregamento_P1P4,1,Continuous_Friction_and_Wear,train
Escorregamento_P1P4_85.wav,Base_de_Dados\Escorregamento_P1P4\Escorregamento_P1P4_85.wav,Escorregamento_P1P4,1,Continuous_Friction_and_Wear,train
Escorregamento_P1P4_86.wav,Base_de_Dados\Escorregamento_P1P4\Escorregamento_P1P4_86.wav,Escorregamento_P1P4,1,Continuous_Friction_and_Wear,train
Escorregamento_P1P4_87.wav,Base_de_Dados\Escorregamento_P1P4\Escorregamento_P1P4_87.wav,Escorregamento_P1P4,1,Continuous_Friction_and_Wear,train
Escorregamento_P1P4_88.wav,Base_de_Dados\Escorregamento_P1P4\Escorregamento_P1P4_88.wav,Escorregamento_P1P4,1,Continuous_Friction_and_Wear,test
Escorregamento_P1P4_89.wav,Base_de_Dados\Escorregamento_P1P4\Escorregamento_P1P4_89.wav,Escorregamento_P1P4,1,Continuous_Friction_and_Wear,train
Escorregamento_P1P4_9.wav,Base_de_Dados\Escorregamento_P1P4\Escorregamento_P1P4_9.wav,Escorregamento_P1P4,1,Continuous_Friction_and_Wear,val
Escorregamento_P1P4_90.wav,Base_de_Dados\Escorregamento_P1P4\Escorregamento_P1P4_90.wav,Escorregamento_P1P4,1,Continuous_Friction_and_Wear,train
Escorregamento_P1P4_91.wav,Base_de_Dados\Escorregamento_P1P4\Escorregamento_P1P4_91.wav,Escorregamento_P1P4,1,Continuous_Friction_and_Wear,train
Escorregamento_P1P4_92.wav,Base_de_Dados\Escorregamento_P1P4\Escorregamento_P1P4_92.wav,Escorregamento_P1P4,1,Continuous_Friction_and_Wear,train
Escorregamento_P1P4_93.wav,Base_de_Dados\Escorregamento_P1P4\Escorregamento_P1P4_93.wav,Escorregamento_P1P4,1,Continuous_Friction_and_Wear,train
Escorregamento_P1P4_94.wav,Base_de_Dados\Escorregamento_P1P4\Escorregamento_P1P4_94.wav,Escorregamento_P1P4,1,Continuous_Friction_and_Wear,train
Escorregamento_P1P4_95.wav,Base_de_Dados\Escorregamento_P1P4\Escorregamento_P1P4_95.wav,Escorregamento_P1P4,1,Continuous_Friction_and_Wear,train
Escorregamento_P1P4_96.wav,Base_de_Dados\Escorregamento_P1P4\Escorregamento_P1P4_96.wav,Escorregamento_P1P4,1,Continuous_Friction_and_Wear,train
Escorregamento_P1P4_97.wav,Base_de_Dados\Escorregamento_P1P4\Escorregamento_P1P4_97.wav,Escorregamento_P1P4,1,Continuous_Friction_and_Wear,train
Escorregamento_P1P4_98.wav,Base_de_Dados\Escorregamento_P1P4\Escorregamento_P1P4_98.wav,Escorregamento_P1P4,1,Continuous_Friction_and_Wear,val
Escorregamento_P1P4_99.wav,Base_de_Dados\Escorregamento_P1P4\Escorregamento_P1P4_99.wav,Escorregamento_P1P4,1,Continuous_Friction_and_Wear,val
Normal_1.wav,Base_de_Dados\Normal\Normal_1.wav,Normal,0,Healthy_Baseline,train
Normal_10.wav,Base_de_Dados\Normal\Normal_10.wav,Normal,0,Healthy_Baseline,test
Normal_100.wav,Base_de_Dados\Normal\Normal_100.wav,Normal,0,Healthy_Baseline,train
Normal_101.wav,Base_de_Dados\Normal\Normal_101.wav,Normal,0,Healthy_Baseline,val
Normal_102.wav,Base_de_Dados\Normal\Normal_102.wav,Normal,0,Healthy_Baseline,train
Normal_103.wav,Base_de_Dados\Normal\Normal_103.wav,Normal,0,Healthy_Baseline,train
Normal_104.wav,Base_de_Dados\Normal\Normal_104.wav,Normal,0,Healthy_Baseline,train
Normal_105.wav,Base_de_Dados\Normal\Normal_105.wav,Normal,0,Healthy_Baseline,train
Normal_106.wav,Base_de_Dados\Normal\Normal_106.wav,Normal,0,Healthy_Baseline,train
Normal_107.wav,Base_de_Dados\Normal\Normal_107.wav,Normal,0,Healthy_Baseline,val
Normal_108.wav,Base_de_Dados\Normal\Normal_108.wav,Normal,0,Healthy_Baseline,train
Normal_109.wav,Base_de_Dados\Normal\Normal_109.wav,Normal,0,Healthy_Baseline,train
Normal_11.wav,Base_de_Dados\Normal\Normal_11.wav,Normal,0,Healthy_Baseline,train
Normal_110.wav,Base_de_Dados\Normal\Normal_110.wav,Normal,0,Healthy_Baseline,train
Normal_111.wav,Base_de_Dados\Normal\Normal_111.wav,Normal,0,Healthy_Baseline,test
Normal_112.wav,Base_de_Dados\Normal\Normal_112.wav,Normal,0,Healthy_Baseline,val
Normal_113.wav,Base_de_Dados\Normal\Normal_113.wav,Normal,0,Healthy_Baseline,train
Normal_114.wav,Base_de_Dados\Normal\Normal_114.wav,Normal,0,Healthy_Baseline,train
Normal_115.wav,Base_de_Dados\Normal\Normal_115.wav,Normal,0,Healthy_Baseline,train
Normal_116.wav,Base_de_Dados\Normal\Normal_116.wav,Normal,0,Healthy_Baseline,train
Normal_117.wav,Base_de_Dados\Normal\Normal_117.wav,Normal,0,Healthy_Baseline,test
Normal_118.wav,Base_de_Dados\Normal\Normal_118.wav,Normal,0,Healthy_Baseline,test
Normal_119.wav,Base_de_Dados\Normal\Normal_119.wav,Normal,0,Healthy_Baseline,train
Normal_12.wav,Base_de_Dados\Normal\Normal_12.wav,Normal,0,Healthy_Baseline,train
Normal_120.wav,Base_de_Dados\Normal\Normal_120.wav,Normal,0,Healthy_Baseline,train
Normal_121.wav,Base_de_Dados\Normal\Normal_121.wav,Normal,0,Healthy_Baseline,train
Normal_122.wav,Base_de_Dados\Normal\Normal_122.wav,Normal,0,Healthy_Baseline,val
Normal_123.wav,Base_de_Dados\Normal\Normal_123.wav,Normal,0,Healthy_Baseline,train
Normal_124.wav,Base_de_Dados\Normal\Normal_124.wav,Normal,0,Healthy_Baseline,train
Normal_125.wav,Base_de_Dados\Normal\Normal_125.wav,Normal,0,Healthy_Baseline,train
Normal_126.wav,Base_de_Dados\Normal\Normal_126.wav,Normal,0,Healthy_Baseline,train
Normal_127.wav,Base_de_Dados\Normal\Normal_127.wav,Normal,0,Healthy_Baseline,train
Normal_128.wav,Base_de_Dados\Normal\Normal_128.wav,Normal,0,Healthy_Baseline,train
Normal_129.wav,Base_de_Dados\Normal\Normal_129.wav,Normal,0,Healthy_Baseline,val
Normal_13.wav,Base_de_Dados\Normal\Normal_13.wav,Normal,0,Healthy_Baseline,train
Normal_130.wav,Base_de_Dados\Normal\Normal_130.wav,Normal,0,Healthy_Baseline,train
Normal_131.wav,Base_de_Dados\Normal\Normal_131.wav,Normal,0,Healthy_Baseline,val
Normal_132.wav,Base_de_Dados\Normal\Normal_132.wav,Normal,0,Healthy_Baseline,test
Normal_133.wav,Base_de_Dados\Normal\Normal_133.wav,Normal,0,Healthy_Baseline,train
Normal_134.wav,Base_de_Dados\Normal\Normal_134.wav,Normal,0,Healthy_Baseline,train
Normal_135.wav,Base_de_Dados\Normal\Normal_135.wav,Normal,0,Healthy_Baseline,train
Normal_136.wav,Base_de_Dados\Normal\Normal_136.wav,Normal,0,Healthy_Baseline,val
Normal_137.wav,Base_de_Dados\Normal\Normal_137.wav,Normal,0,Healthy_Baseline,val
Normal_138.wav,Base_de_Dados\Normal\Normal_138.wav,Normal,0,Healthy_Baseline,train
Normal_139.wav,Base_de_Dados\Normal\Normal_139.wav,Normal,0,Healthy_Baseline,train
Normal_14.wav,Base_de_Dados\Normal\Normal_14.wav,Normal,0,Healthy_Baseline,train
Normal_140.wav,Base_de_Dados\Normal\Normal_140.wav,Normal,0,Healthy_Baseline,train
Normal_141.wav,Base_de_Dados\Normal\Normal_141.wav,Normal,0,Healthy_Baseline,val
Normal_142.wav,Base_de_Dados\Normal\Normal_142.wav,Normal,0,Healthy_Baseline,test
Normal_143.wav,Base_de_Dados\Normal\Normal_143.wav,Normal,0,Healthy_Baseline,train
Normal_144.wav,Base_de_Dados\Normal\Normal_144.wav,Normal,0,Healthy_Baseline,test
Normal_145.wav,Base_de_Dados\Normal\Normal_145.wav,Normal,0,Healthy_Baseline,train
Normal_146.wav,Base_de_Dados\Normal\Normal_146.wav,Normal,0,Healthy_Baseline,test
Normal_147.wav,Base_de_Dados\Normal\Normal_147.wav,Normal,0,Healthy_Baseline,val
Normal_148.wav,Base_de_Dados\Normal\Normal_148.wav,Normal,0,Healthy_Baseline,test
Normal_149.wav,Base_de_Dados\Normal\Normal_149.wav,Normal,0,Healthy_Baseline,val
Normal_15.wav,Base_de_Dados\Normal\Normal_15.wav,Normal,0,Healthy_Baseline,train
Normal_150.wav,Base_de_Dados\Normal\Normal_150.wav,Normal,0,Healthy_Baseline,test
Normal_151.wav,Base_de_Dados\Normal\Normal_151.wav,Normal,0,Healthy_Baseline,test
Normal_152.wav,Base_de_Dados\Normal\Normal_152.wav,Normal,0,Healthy_Baseline,train
Normal_153.wav,Base_de_Dados\Normal\Normal_153.wav,Normal,0,Healthy_Baseline,train
Normal_154.wav,Base_de_Dados\Normal\Normal_154.wav,Normal,0,Healthy_Baseline,train
Normal_155.wav,Base_de_Dados\Normal\Normal_155.wav,Normal,0,Healthy_Baseline,val
Normal_156.wav,Base_de_Dados\Normal\Normal_156.wav,Normal,0,Healthy_Baseline,test
Normal_157.wav,Base_de_Dados\Normal\Normal_157.wav,Normal,0,Healthy_Baseline,train
Normal_158.wav,Base_de_Dados\Normal\Normal_158.wav,Normal,0,Healthy_Baseline,train
Normal_159.wav,Base_de_Dados\Normal\Normal_159.wav,Normal,0,Healthy_Baseline,train
Normal_16.wav,Base_de_Dados\Normal\Normal_16.wav,Normal,0,Healthy_Baseline,train
Normal_160.wav,Base_de_Dados\Normal\Normal_160.wav,Normal,0,Healthy_Baseline,val
Normal_161.wav,Base_de_Dados\Normal\Normal_161.wav,Normal,0,Healthy_Baseline,train
Normal_162.wav,Base_de_Dados\Normal\Normal_162.wav,Normal,0,Healthy_Baseline,train
Normal_163.wav,Base_de_Dados\Normal\Normal_163.wav,Normal,0,Healthy_Baseline,test
Normal_164.wav,Base_de_Dados\Normal\Normal_164.wav,Normal,0,Healthy_Baseline,train
Normal_165.wav,Base_de_Dados\Normal\Normal_165.wav,Normal,0,Healthy_Baseline,train
Normal_166.wav,Base_de_Dados\Normal\Normal_166.wav,Normal,0,Healthy_Baseline,test
Normal_167.wav,Base_de_Dados\Normal\Normal_167.wav,Normal,0,Healthy_Baseline,train
Normal_168.wav,Base_de_Dados\Normal\Normal_168.wav,Normal,0,Healthy_Baseline,train
Normal_169.wav,Base_de_Dados\Normal\Normal_169.wav,Normal,0,Healthy_Baseline,val
Normal_17.wav,Base_de_Dados\Normal\Normal_17.wav,Normal,0,Healthy_Baseline,train
Normal_170.wav,Base_de_Dados\Normal\Normal_170.wav,Normal,0,Healthy_Baseline,train
Normal_171.wav,Base_de_Dados\Normal\Normal_171.wav,Normal,0,Healthy_Baseline,train
Normal_172.wav,Base_de_Dados\Normal\Normal_172.wav,Normal,0,Healthy_Baseline,train
Normal_173.wav,Base_de_Dados\Normal\Normal_173.wav,Normal,0,Healthy_Baseline,val
Normal_174.wav,Base_de_Dados\Normal\Normal_174.wav,Normal,0,Healthy_Baseline,train
Normal_175.wav,Base_de_Dados\Normal\Normal_175.wav,Normal,0,Healthy_Baseline,train
Normal_176.wav,Base_de_Dados\Normal\Normal_176.wav,Normal,0,Healthy_Baseline,train
Normal_177.wav,Base_de_Dados\Normal\Normal_177.wav,Normal,0,Healthy_Baseline,train
Normal_178.wav,Base_de_Dados\Normal\Normal_178.wav,Normal,0,Healthy_Baseline,test
Normal_179.wav,Base_de_Dados\Normal\Normal_179.wav,Normal,0,Healthy_Baseline,test
Normal_18.wav,Base_de_Dados\Normal\Normal_18.wav,Normal,0,Healthy_Baseline,train
Normal_19.wav,Base_de_Dados\Normal\Normal_19.wav,Normal,0,Healthy_Baseline,train
Normal_2.wav,Base_de_Dados\Normal\Normal_2.wav,Normal,0,Healthy_Baseline,train
Normal_20.wav,Base_de_Dados\Normal\Normal_20.wav,Normal,0,Healthy_Baseline,test
Normal_21.wav,Base_de_Dados\Normal\Normal_21.wav,Normal,0,Healthy_Baseline,val
Normal_22.wav,Base_de_Dados\Normal\Normal_22.wav,Normal,0,Healthy_Baseline,train
Normal_23.wav,Base_de_Dados\Normal\Normal_23.wav,Normal,0,Healthy_Baseline,train
Normal_24.wav,Base_de_Dados\Normal\Normal_24.wav,Normal,0,Healthy_Baseline,train
Normal_25.wav,Base_de_Dados\Normal\Normal_25.wav,Normal,0,Healthy_Baseline,train
Normal_26.wav,Base_de_Dados\Normal\Normal_26.wav,Normal,0,Healthy_Baseline,train
Normal_27.wav,Base_de_Dados\Normal\Normal_27.wav,Normal,0,Healthy_Baseline,test
Normal_28.wav,Base_de_Dados\Normal\Normal_28.wav,Normal,0,Healthy_Baseline,train
Normal_29.wav,Base_de_Dados\Normal\Normal_29.wav,Normal,0,Healthy_Baseline,train
Normal_3.wav,Base_de_Dados\Normal\Normal_3.wav,Normal,0,Healthy_Baseline,test
Normal_30.wav,Base_de_Dados\Normal\Normal_30.wav,Normal,0,Healthy_Baseline,test
Normal_31.wav,Base_de_Dados\Normal\Normal_31.wav,Normal,0,Healthy_Baseline,train
Normal_32.wav,Base_de_Dados\Normal\Normal_32.wav,Normal,0,Healthy_Baseline,val
Normal_33.wav,Base_de_Dados\Normal\Normal_33.wav,Normal,0,Healthy_Baseline,test
Normal_34.wav,Base_de_Dados\Normal\Normal_34.wav,Normal,0,Healthy_Baseline,test
Normal_35.wav,Base_de_Dados\Normal\Normal_35.wav,Normal,0,Healthy_Baseline,train
Normal_36.wav,Base_de_Dados\Normal\Normal_36.wav,Normal,0,Healthy_Baseline,train
Normal_37.wav,Base_de_Dados\Normal\Normal_37.wav,Normal,0,Healthy_Baseline,train
Normal_38.wav,Base_de_Dados\Normal\Normal_38.wav,Normal,0,Healthy_Baseline,train
Normal_39.wav,Base_de_Dados\Normal\Normal_39.wav,Normal,0,Healthy_Baseline,train
Normal_4.wav,Base_de_Dados\Normal\Normal_4.wav,Normal,0,Healthy_Baseline,train
Normal_40.wav,Base_de_Dados\Normal\Normal_40.wav,Normal,0,Healthy_Baseline,train
Normal_41.wav,Base_de_Dados\Normal\Normal_41.wav,Normal,0,Healthy_Baseline,train
Normal_42.wav,Base_de_Dados\Normal\Normal_42.wav,Normal,0,Healthy_Baseline,test
Normal_43.wav,Base_de_Dados\Normal\Normal_43.wav,Normal,0,Healthy_Baseline,train
Normal_44.wav,Base_de_Dados\Normal\Normal_44.wav,Normal,0,Healthy_Baseline,train
Normal_45.wav,Base_de_Dados\Normal\Normal_45.wav,Normal,0,Healthy_Baseline,train
Normal_46.wav,Base_de_Dados\Normal\Normal_46.wav,Normal,0,Healthy_Baseline,train
Normal_47.wav,Base_de_Dados\Normal\Normal_47.wav,Normal,0,Healthy_Baseline,test
Normal_48.wav,Base_de_Dados\Normal\Normal_48.wav,Normal,0,Healthy_Baseline,train
Normal_49.wav,Base_de_Dados\Normal\Normal_49.wav,Normal,0,Healthy_Baseline,train
Normal_5.wav,Base_de_Dados\Normal\Normal_5.wav,Normal,0,Healthy_Baseline,train
Normal_50.wav,Base_de_Dados\Normal\Normal_50.wav,Normal,0,Healthy_Baseline,train
Normal_51.wav,Base_de_Dados\Normal\Normal_51.wav,Normal,0,Healthy_Baseline,train
Normal_52.wav,Base_de_Dados\Normal\Normal_52.wav,Normal,0,Healthy_Baseline,val
Normal_53.wav,Base_de_Dados\Normal\Normal_53.wav,Normal,0,Healthy_Baseline,train
Normal_54.wav,Base_de_Dados\Normal\Normal_54.wav,Normal,0,Healthy_Baseline,test
Normal_55.wav,Base_de_Dados\Normal\Normal_55.wav,Normal,0,Healthy_Baseline,test
Normal_56.wav,Base_de_Dados\Normal\Normal_56.wav,Normal,0,Healthy_Baseline,train
Normal_57.wav,Base_de_Dados\Normal\Normal_57.wav,Normal,0,Healthy_Baseline,train
Normal_58.wav,Base_de_Dados\Normal\Normal_58.wav,Normal,0,Healthy_Baseline,train
Normal_59.wav,Base_de_Dados\Normal\Normal_59.wav,Normal,0,Healthy_Baseline,test
Normal_6.wav,Base_de_Dados\Normal\Normal_6.wav,Normal,0,Healthy_Baseline,val
Normal_60.wav,Base_de_Dados\Normal\Normal_60.wav,Normal,0,Healthy_Baseline,train
Normal_61.wav,Base_de_Dados\Normal\Normal_61.wav,Normal,0,Healthy_Baseline,train
Normal_62.wav,Base_de_Dados\Normal\Normal_62.wav,Normal,0,Healthy_Baseline,train
Normal_63.wav,Base_de_Dados\Normal\Normal_63.wav,Normal,0,Healthy_Baseline,train
Normal_64.wav,Base_de_Dados\Normal\Normal_64.wav,Normal,0,Healthy_Baseline,val
Normal_65.wav,Base_de_Dados\Normal\Normal_65.wav,Normal,0,Healthy_Baseline,train
Normal_66.wav,Base_de_Dados\Normal\Normal_66.wav,Normal,0,Healthy_Baseline,val
Normal_67.wav,Base_de_Dados\Normal\Normal_67.wav,Normal,0,Healthy_Baseline,train
Normal_68.wav,Base_de_Dados\Normal\Normal_68.wav,Normal,0,Healthy_Baseline,train
Normal_69.wav,Base_de_Dados\Normal\Normal_69.wav,Normal,0,Healthy_Baseline,train
Normal_7.wav,Base_de_Dados\Normal\Normal_7.wav,Normal,0,Healthy_Baseline,train
Normal_70.wav,Base_de_Dados\Normal\Normal_70.wav,Normal,0,Healthy_Baseline,val
Normal_71.wav,Base_de_Dados\Normal\Normal_71.wav,Normal,0,Healthy_Baseline,train
Normal_72.wav,Base_de_Dados\Normal\Normal_72.wav,Normal,0,Healthy_Baseline,test
Normal_73.wav,Base_de_Dados\Normal\Normal_73.wav,Normal,0,Healthy_Baseline,train
Normal_74.wav,Base_de_Dados\Normal\Normal_74.wav,Normal,0,Healthy_Baseline,test
Normal_75.wav,Base_de_Dados\Normal\Normal_75.wav,Normal,0,Healthy_Baseline,val
Normal_76.wav,Base_de_Dados\Normal\Normal_76.wav,Normal,0,Healthy_Baseline,train
Normal_77.wav,Base_de_Dados\Normal\Normal_77.wav,Normal,0,Healthy_Baseline,val
Normal_78.wav,Base_de_Dados\Normal\Normal_78.wav,Normal,0,Healthy_Baseline,train
Normal_79.wav,Base_de_Dados\Normal\Normal_79.wav,Normal,0,Healthy_Baseline,train
Normal_8.wav,Base_de_Dados\Normal\Normal_8.wav,Normal,0,Healthy_Baseline,test
Normal_80.wav,Base_de_Dados\Normal\Normal_80.wav,Normal,0,Healthy_Baseline,train
Normal_81.wav,Base_de_Dados\Normal\Normal_81.wav,Normal,0,Healthy_Baseline,val
Normal_82.wav,Base_de_Dados\Normal\Normal_82.wav,Normal,0,Healthy_Baseline,train
Normal_83.wav,Base_de_Dados\Normal\Normal_83.wav,Normal,0,Healthy_Baseline,train
Normal_84.wav,Base_de_Dados\Normal\Normal_84.wav,Normal,0,Healthy_Baseline,val
Normal_85.wav,Base_de_Dados\Normal\Normal_85.wav,Normal,0,Healthy_Baseline,test
Normal_86.wav,Base_de_Dados\Normal\Normal_86.wav,Normal,0,Healthy_Baseline,test
Normal_87.wav,Base_de_Dados\Normal\Normal_87.wav,Normal,0,Healthy_Baseline,train
Normal_88.wav,Base_de_Dados\Normal\Normal_88.wav,Normal,0,Healthy_Baseline,val
Normal_89.wav,Base_de_Dados\Normal\Normal_89.wav,Normal,0,Healthy_Baseline,val
Normal_9.wav,Base_de_Dados\Normal\Normal_9.wav,Normal,0,Healthy_Baseline,train
Normal_90.wav,Base_de_Dados\Normal\Normal_90.wav,Normal,0,Healthy_Baseline,test
Normal_91.wav,Base_de_Dados\Normal\Normal_91.wav,Normal,0,Healthy_Baseline,train
Normal_92.wav,Base_de_Dados\Normal\Normal_92.wav,Normal,0,Healthy_Baseline,train
Normal_93.wav,Base_de_Dados\Normal\Normal_93.wav,Normal,0,Healthy_Baseline,val
Normal_94.wav,Base_de_Dados\Normal\Normal_94.wav,Normal,0,Healthy_Baseline,test
Normal_95.wav,Base_de_Dados\Normal\Normal_95.wav,Normal,0,Healthy_Baseline,train
Normal_96.wav,Base_de_Dados\Normal\Normal_96.wav,Normal,0,Healthy_Baseline,train
Normal_97.wav,Base_de_Dados\Normal\Normal_97.wav,Normal,0,Healthy_Baseline,test
Normal_98.wav,Base_de_Dados\Normal\Normal_98.wav,Normal,0,Healthy_Baseline,train
Normal_99.wav,Base_de_Dados\Normal\Normal_99.wav,Normal,0,Healthy_Baseline,test
Perda_concentrada (1).wav,Base_de_Dados\Perda_concentrada\Perda_concentrada (1).wav,Perda_concentrada,2,Impulsive_Shocks_and_Structural,val
Perda_concentrada (10).wav,Base_de_Dados\Perda_concentrada\Perda_concentrada (10).wav,Perda_concentrada,2,Impulsive_Shocks_and_Structural,train
Perda_concentrada (100).wav,Base_de_Dados\Perda_concentrada\Perda_concentrada (100).wav,Perda_concentrada,2,Impulsive_Shocks_and_Structural,train
Perda_concentrada (101).wav,Base_de_Dados\Perda_concentrada\Perda_concentrada (101).wav,Perda_concentrada,2,Impulsive_Shocks_and_Structural,test
Perda_concentrada (102).wav,Base_de_Dados\Perda_concentrada\Perda_concentrada (102).wav,Perda_concentrada,2,Impulsive_Shocks_and_Structural,val
Perda_concentrada (103).wav,Base_de_Dados\Perda_concentrada\Perda_concentrada (103).wav,Perda_concentrada,2,Impulsive_Shocks_and_Structural,train
Perda_concentrada (104).wav,Base_de_Dados\Perda_concentrada\Perda_concentrada (104).wav,Perda_concentrada,2,Impulsive_Shocks_and_Structural,test
Perda_concentrada (105).wav,Base_de_Dados\Perda_concentrada\Perda_concentrada (105).wav,Perda_concentrada,2,Impulsive_Shocks_and_Structural,train
Perda_concentrada (106).wav,Base_de_Dados\Perda_concentrada\Perda_concentrada (106).wav,Perda_concentrada,2,Impulsive_Shocks_and_Structural,train
Perda_concentrada (107).wav,Base_de_Dados\Perda_concentrada\Perda_concentrada (107).wav,Perda_concentrada,2,Impulsive_Shocks_and_Structural,train
Perda_concentrada (108).wav,Base_de_Dados\Perda_concentrada\Perda_concentrada (108).wav,Perda_concentrada,2,Impulsive_Shocks_and_Structural,test
Perda_concentrada (109).wav,Base_de_Dados\Perda_concentrada\Perda_concentrada (109).wav,Perda_concentrada,2,Impulsive_Shocks_and_Structural,train
Perda_concentrada (11).wav,Base_de_Dados\Perda_concentrada\Perda_concentrada (11).wav,Perda_concentrada,2,Impulsive_Shocks_and_Structural,val
Perda_concentrada (110).wav,Base_de_Dados\Perda_concentrada\Perda_concentrada (110).wav,Perda_concentrada,2,Impulsive_Shocks_and_Structural,train
Perda_concentrada (111).wav,Base_de_Dados\Perda_concentrada\Perda_concentrada (111).wav,Perda_concentrada,2,Impulsive_Shocks_and_Structural,train
Perda_concentrada (112).wav,Base_de_Dados\Perda_concentrada\Perda_concentrada (112).wav,Perda_concentrada,2,Impulsive_Shocks_and_Structural,train
Perda_concentrada (113).wav,Base_de_Dados\Perda_concentrada\Perda_concentrada (113).wav,Perda_concentrada,2,Impulsive_Shocks_and_Structural,test
Perda_concentrada (114).wav,Base_de_Dados\Perda_concentrada\Perda_concentrada (114).wav,Perda_concentrada,2,Impulsive_Shocks_and_Structural,train
Perda_concentrada (115).wav,Base_de_Dados\Perda_concentrada\Perda_concentrada (115).wav,Perda_concentrada,2,Impulsive_Shocks_and_Structural,train
Perda_concentrada (116).wav,Base_de_Dados\Perda_concentrada\Perda_concentrada (116).wav,Perda_concentrada,2,Impulsive_Shocks_and_Structural,val
Perda_concentrada (117).wav,Base_de_Dados\Perda_concentrada\Perda_concentrada (117).wav,Perda_concentrada,2,Impulsive_Shocks_and_Structural,train
Perda_concentrada (118).wav,Base_de_Dados\Perda_concentrada\Perda_concentrada (118).wav,Perda_concentrada,2,Impulsive_Shocks_and_Structural,train
Perda_concentrada (119).wav,Base_de_Dados\Perda_concentrada\Perda_concentrada (119).wav,Perda_concentrada,2,Impulsive_Shocks_and_Structural,train
Perda_concentrada (12).wav,Base_de_Dados\Perda_concentrada\Perda_concentrada (12).wav,Perda_concentrada,2,Impulsive_Shocks_and_Structural,train
Perda_concentrada (120).wav,Base_de_Dados\Perda_concentrada\Perda_concentrada (120).wav,Perda_concentrada,2,Impulsive_Shocks_and_Structural,test
Perda_concentrada (121).wav,Base_de_Dados\Perda_concentrada\Perda_concentrada (121).wav,Perda_concentrada,2,Impulsive_Shocks_and_Structural,val
Perda_concentrada (122).wav,Base_de_Dados\Perda_concentrada\Perda_concentrada (122).wav,Perda_concentrada,2,Impulsive_Shocks_and_Structural,test
Perda_concentrada (123).wav,Base_de_Dados\Perda_concentrada\Perda_concentrada (123).wav,Perda_concentrada,2,Impulsive_Shocks_and_Structural,train
Perda_concentrada (124).wav,Base_de_Dados\Perda_concentrada\Perda_concentrada (124).wav,Perda_concentrada,2,Impulsive_Shocks_and_Structural,test
Perda_concentrada (125).wav,Base_de_Dados\Perda_concentrada\Perda_concentrada (125).wav,Perda_concentrada,2,Impulsive_Shocks_and_Structural,train
Perda_concentrada (126).wav,Base_de_Dados\Perda_concentrada\Perda_concentrada (126).wav,Perda_concentrada,2,Impulsive_Shocks_and_Structural,train
Perda_concentrada (127).wav,Base_de_Dados\Perda_concentrada\Perda_concentrada (127).wav,Perda_concentrada,2,Impulsive_Shocks_and_Structural,train
Perda_concentrada (128).wav,Base_de_Dados\Perda_concentrada\Perda_concentrada (128).wav,Perda_concentrada,2,Impulsive_Shocks_and_Structural,val
Perda_concentrada (129).wav,Base_de_Dados\Perda_concentrada\Perda_concentrada (129).wav,Perda_concentrada,2,Impulsive_Shocks_and_Structural,test
Perda_concentrada (13).wav,Base_de_Dados\Perda_concentrada\Perda_concentrada (13).wav,Perda_concentrada,2,Impulsive_Shocks_and_Structural,train
Perda_concentrada (130).wav,Base_de_Dados\Perda_concentrada\Perda_concentrada (130).wav,Perda_concentrada,2,Impulsive_Shocks_and_Structural,train
Perda_concentrada (131).wav,Base_de_Dados\Perda_concentrada\Perda_concentrada (131).wav,Perda_concentrada,2,Impulsive_Shocks_and_Structural,train
Perda_concentrada (132).wav,Base_de_Dados\Perda_concentrada\Perda_concentrada (132).wav,Perda_concentrada,2,Impulsive_Shocks_and_Structural,train
Perda_concentrada (133).wav,Base_de_Dados\Perda_concentrada\Perda_concentrada (133).wav,Perda_concentrada,2,Impulsive_Shocks_and_Structural,test
Perda_concentrada (134).wav,Base_de_Dados\Perda_concentrada\Perda_concentrada (134).wav,Perda_concentrada,2,Impulsive_Shocks_and_Structural,train
Perda_concentrada (135).wav,Base_de_Dados\Perda_concentrada\Perda_concentrada (135).wav,Perda_concentrada,2,Impulsive_Shocks_and_Structural,test
Perda_concentrada (136).wav,Base_de_Dados\Perda_concentrada\Perda_concentrada (136).wav,Perda_concentrada,2,Impulsive_Shocks_and_Structural,test
Perda_concentrada (137).wav,Base_de_Dados\Perda_concentrada\Perda_concentrada (137).wav,Perda_concentrada,2,Impulsive_Shocks_and_Structural,train
Perda_concentrada (138).wav,Base_de_Dados\Perda_concentrada\Perda_concentrada (138).wav,Perda_concentrada,2,Impulsive_Shocks_and_Structural,val
Perda_concentrada (139).wav,Base_de_Dados\Perda_concentrada\Perda_concentrada (139).wav,Perda_concentrada,2,Impulsive_Shocks_and_Structural,val
Perda_concentrada (14).wav,Base_de_Dados\Perda_concentrada\Perda_concentrada (14).wav,Perda_concentrada,2,Impulsive_Shocks_and_Structural,val
Perda_concentrada (140).wav,Base_de_Dados\Perda_concentrada\Perda_concentrada (140).wav,Perda_concentrada,2,Impulsive_Shocks_and_Structural,train
Perda_concentrada (141).wav,Base_de_Dados\Perda_concentrada\Perda_concentrada (141).wav,Perda_concentrada,2,Impulsive_Shocks_and_Structural,train
Perda_concentrada (142).wav,Base_de_Dados\Perda_concentrada\Perda_concentrada (142).wav,Perda_concentrada,2,Impulsive_Shocks_and_Structural,val
Perda_concentrada (143).wav,Base_de_Dados\Perda_concentrada\Perda_concentrada (143).wav,Perda_concentrada,2,Impulsive_Shocks_and_Structural,train
Perda_concentrada (144).wav,Base_de_Dados\Perda_concentrada\Perda_concentrada (144).wav,Perda_concentrada,2,Impulsive_Shocks_and_Structural,test
Perda_concentrada (145).wav,Base_de_Dados\Perda_concentrada\Perda_concentrada (145).wav,Perda_concentrada,2,Impulsive_Shocks_and_Structural,train
Perda_concentrada (146).wav,Base_de_Dados\Perda_concentrada\Perda_concentrada (146).wav,Perda_concentrada,2,Impulsive_Shocks_and_Structural,test
Perda_concentrada (147).wav,Base_de_Dados\Perda_concentrada\Perda_concentrada (147).wav,Perda_concentrada,2,Impulsive_Shocks_and_Structural,test
Perda_concentrada (148).wav,Base_de_Dados\Perda_concentrada\Perda_concentrada (148).wav,Perda_concentrada,2,Impulsive_Shocks_and_Structural,test
Perda_concentrada (149).wav,Base_de_Dados\Perda_concentrada\Perda_concentrada (149).wav,Perda_concentrada,2,Impulsive_Shocks_and_Structural,train
Perda_concentrada (15).wav,Base_de_Dados\Perda_concentrada\Perda_concentrada (15).wav,Perda_concentrada,2,Impulsive_Shocks_and_Structural,train
Perda_concentrada (150).wav,Base_de_Dados\Perda_concentrada\Perda_concentrada (150).wav,Perda_concentrada,2,Impulsive_Shocks_and_Structural,train
Perda_concentrada (151).wav,Base_de_Dados\Perda_concentrada\Perda_concentrada (151).wav,Perda_concentrada,2,Impulsive_Shocks_and_Structural,test
Perda_concentrada (152).wav,Base_de_Dados\Perda_concentrada\Perda_concentrada (152).wav,Perda_concentrada,2,Impulsive_Shocks_and_Structural,train
Perda_concentrada (153).wav,Base_de_Dados\Perda_concentrada\Perda_concentrada (153).wav,Perda_concentrada,2,Impulsive_Shocks_and_Structural,test
Perda_concentrada (154).wav,Base_de_Dados\Perda_concentrada\Perda_concentrada (154).wav,Perda_concentrada,2,Impulsive_Shocks_and_Structural,train
Perda_concentrada (155).wav,Base_de_Dados\Perda_concentrada\Perda_concentrada (155).wav,Perda_concentrada,2,Impulsive_Shocks_and_Structural,train
Perda_concentrada (156).wav,Base_de_Dados\Perda_concentrada\Perda_concentrada (156).wav,Perda_concentrada,2,Impulsive_Shocks_and_Structural,train
Perda_concentrada (157).wav,Base_de_Dados\Perda_concentrada\Perda_concentrada (157).wav,Perda_concentrada,2,Impulsive_Shocks_and_Structural,train
Perda_concentrada (158).wav,Base_de_Dados\Perda_concentrada\Perda_concentrada (158).wav,Perda_concentrada,2,Impulsive_Shocks_and_Structural,val
Perda_concentrada (159).wav,Base_de_Dados\Perda_concentrada\Perda_concentrada (159).wav,Perda_concentrada,2,Impulsive_Shocks_and_Structural,val
Perda_concentrada (16).wav,Base_de_Dados\Perda_concentrada\Perda_concentrada (16).wav,Perda_concentrada,2,Impulsive_Shocks_and_Structural,train
Perda_concentrada (160).wav,Base_de_Dados\Perda_concentrada\Perda_concentrada (160).wav,Perda_concentrada,2,Impulsive_Shocks_and_Structural,test
Perda_concentrada (161).wav,Base_de_Dados\Perda_concentrada\Perda_concentrada (161).wav,Perda_concentrada,2,Impulsive_Shocks_and_Structural,train
Perda_concentrada (162).wav,Base_de_Dados\Perda_concentrada\Perda_concentrada (162).wav,Perda_concentrada,2,Impulsive_Shocks_and_Structural,val
Perda_concentrada (163).wav,Base_de_Dados\Perda_concentrada\Perda_concentrada (163).wav,Perda_concentrada,2,Impulsive_Shocks_and_Structural,train
Perda_concentrada (164).wav,Base_de_Dados\Perda_concentrada\Perda_concentrada (164).wav,Perda_concentrada,2,Impulsive_Shocks_and_Structural,test
Perda_concentrada (165).wav,Base_de_Dados\Perda_concentrada\Perda_concentrada (165).wav,Perda_concentrada,2,Impulsive_Shocks_and_Structural,train
Perda_concentrada (166).wav,Base_de_Dados\Perda_concentrada\Perda_concentrada (166).wav,Perda_concentrada,2,Impulsive_Shocks_and_Structural,test
Perda_concentrada (167).wav,Base_de_Dados\Perda_concentrada\Perda_concentrada (167).wav,Perda_concentrada,2,Impulsive_Shocks_and_Structural,train
Perda_concentrada (168).wav,Base_de_Dados\Perda_concentrada\Perda_concentrada (168).wav,Perda_concentrada,2,Impulsive_Shocks_and_Structural,val
Perda_concentrada (169).wav,Base_de_Dados\Perda_concentrada\Perda_concentrada (169).wav,Perda_concentrada,2,Impulsive_Shocks_and_Structural,test
Perda_concentrada (17).wav,Base_de_Dados\Perda_concentrada\Perda_concentrada (17).wav,Perda_concentrada,2,Impulsive_Shocks_and_Structural,val
Perda_concentrada (170).wav,Base_de_Dados\Perda_concentrada\Perda_concentrada (170).wav,Perda_concentrada,2,Impulsive_Shocks_and_Structural,train
Perda_concentrada (171).wav,Base_de_Dados\Perda_concentrada\Perda_concentrada (171).wav,Perda_concentrada,2,Impulsive_Shocks_and_Structural,val
Perda_concentrada (172).wav,Base_de_Dados\Perda_concentrada\Perda_concentrada (172).wav,Perda_concentrada,2,Impulsive_Shocks_and_Structural,test
Perda_concentrada (173).wav,Base_de_Dados\Perda_concentrada\Perda_concentrada (173).wav,Perda_concentrada,2,Impulsive_Shocks_and_Structural,val
Perda_concentrada (174).wav,Base_de_Dados\Perda_concentrada\Perda_concentrada (174).wav,Perda_concentrada,2,Impulsive_Shocks_and_Structural,train
Perda_concentrada (175).wav,Base_de_Dados\Perda_concentrada\Perda_concentrada (175).wav,Perda_concentrada,2,Impulsive_Shocks_and_Structural,test
Perda_concentrada (176).wav,Base_de_Dados\Perda_concentrada\Perda_concentrada (176).wav,Perda_concentrada,2,Impulsive_Shocks_and_Structural,train
Perda_concentrada (177).wav,Base_de_Dados\Perda_concentrada\Perda_concentrada (177).wav,Perda_concentrada,2,Impulsive_Shocks_and_Structural,train
Perda_concentrada (178).wav,Base_de_Dados\Perda_concentrada\Perda_concentrada (178).wav,Perda_concentrada,2,Impulsive_Shocks_and_Structural,test
Perda_concentrada (179).wav,Base_de_Dados\Perda_concentrada\Perda_concentrada (179).wav,Perda_concentrada,2,Impulsive_Shocks_and_Structural,val
Perda_concentrada (18).wav,Base_de_Dados\Perda_concentrada\Perda_concentrada (18).wav,Perda_concentrada,2,Impulsive_Shocks_and_Structural,val
Perda_concentrada (19).wav,Base_de_Dados\Perda_concentrada\Perda_concentrada (19).wav,Perda_concentrada,2,Impulsive_Shocks_and_Structural,train
Perda_concentrada (2).wav,Base_de_Dados\Perda_concentrada\Perda_concentrada (2).wav,Perda_concentrada,2,Impulsive_Shocks_and_Structural,train
Perda_concentrada (20).wav,Base_de_Dados\Perda_concentrada\Perda_concentrada (20).wav,Perda_concentrada,2,Impulsive_Shocks_and_Structural,train
Perda_concentrada (21).wav,Base_de_Dados\Perda_concentrada\Perda_concentrada (21).wav,Perda_concentrada,2,Impulsive_Shocks_and_Structural,train
Perda_concentrada (22).wav,Base_de_Dados\Perda_concentrada\Perda_concentrada (22).wav,Perda_concentrada,2,Impulsive_Shocks_and_Structural,train
Perda_concentrada (23).wav,Base_de_Dados\Perda_concentrada\Perda_concentrada (23).wav,Perda_concentrada,2,Impulsive_Shocks_and_Structural,test
Perda_concentrada (24).wav,Base_de_Dados\Perda_concentrada\Perda_concentrada (24).wav,Perda_concentrada,2,Impulsive_Shocks_and_Structural,train
Perda_concentrada (25).wav,Base_de_Dados\Perda_concentrada\Perda_concentrada (25).wav,Perda_concentrada,2,Impulsive_Shocks_and_Structural,test
Perda_concentrada (26).wav,Base_de_Dados\Perda_concentrada\Perda_concentrada (26).wav,Perda_concentrada,2,Impulsive_Shocks_and_Structural,train
Perda_concentrada (27).wav,Base_de_Dados\Perda_concentrada\Perda_concentrada (27).wav,Perda_concentrada,2,Impulsive_Shocks_and_Structural,train
Perda_concentrada (28).wav,Base_de_Dados\Perda_concentrada\Perda_concentrada (28).wav,Perda_concentrada,2,Impulsive_Shocks_and_Structural,train
Perda_concentrada (29).wav,Base_de_Dados\Perda_concentrada\Perda_concentrada (29).wav,Perda_concentrada,2,Impulsive_Shocks_and_Structural,test
Perda_concentrada (3).wav,Base_de_Dados\Perda_concentrada\Perda_concentrada (3).wav,Perda_concentrada,2,Impulsive_Shocks_and_Structural,val
Perda_concentrada (30).wav,Base_de_Dados\Perda_concentrada\Perda_concentrada (30).wav,Perda_concentrada,2,Impulsive_Shocks_and_Structural,train
Perda_concentrada (31).wav,Base_de_Dados\Perda_concentrada\Perda_concentrada (31).wav,Perda_concentrada,2,Impulsive_Shocks_and_Structural,val
Perda_concentrada (32).wav,Base_de_Dados\Perda_concentrada\Perda_concentrada (32).wav,Perda_concentrada,2,Impulsive_Shocks_and_Structural,train
Perda_concentrada (33).wav,Base_de_Dados\Perda_concentrada\Perda_concentrada (33).wav,Perda_concentrada,2,Impulsive_Shocks_and_Structural,train
Perda_concentrada (34).wav,Base_de_Dados\Perda_concentrada\Perda_concentrada (34).wav,Perda_concentrada,2,Impulsive_Shocks_and_Structural,test
Perda_concentrada (35).wav,Base_de_Dados\Perda_concentrada\Perda_concentrada (35).wav,Perda_concentrada,2,Impulsive_Shocks_and_Structural,test
Perda_concentrada (36).wav,Base_de_Dados\Perda_concentrada\Perda_concentrada (36).wav,Perda_concentrada,2,Impulsive_Shocks_and_Structural,train
Perda_concentrada (37).wav,Base_de_Dados\Perda_concentrada\Perda_concentrada (37).wav,Perda_concentrada,2,Impulsive_Shocks_and_Structural,train
Perda_concentrada (38).wav,Base_de_Dados\Perda_concentrada\Perda_concentrada (38).wav,Perda_concentrada,2,Impulsive_Shocks_and_Structural,train
Perda_concentrada (39).wav,Base_de_Dados\Perda_concentrada\Perda_concentrada (39).wav,Perda_concentrada,2,Impulsive_Shocks_and_Structural,test
Perda_concentrada (4).wav,Base_de_Dados\Perda_concentrada\Perda_concentrada (4).wav,Perda_concentrada,2,Impulsive_Shocks_and_Structural,train
Perda_concentrada (40).wav,Base_de_Dados\Perda_concentrada\Perda_concentrada (40).wav,Perda_concentrada,2,Impulsive_Shocks_and_Structural,test
Perda_concentrada (41).wav,Base_de_Dados\Perda_concentrada\Perda_concentrada (41).wav,Perda_concentrada,2,Impulsive_Shocks_and_Structural,train
Perda_concentrada (42).wav,Base_de_Dados\Perda_concentrada\Perda_concentrada (42).wav,Perda_concentrada,2,Impulsive_Shocks_and_Structural,train
Perda_concentrada (43).wav,Base_de_Dados\Perda_concentrada\Perda_concentrada (43).wav,Perda_concentrada,2,Impulsive_Shocks_and_Structural,train
Perda_concentrada (44).wav,Base_de_Dados\Perda_concentrada\Perda_concentrada (44).wav,Perda_concentrada,2,Impulsive_Shocks_and_Structural,test
Perda_concentrada (45).wav,Base_de_Dados\Perda_concentrada\Perda_concentrada (45).wav,Perda_concentrada,2,Impulsive_Shocks_and_Structural,test
Perda_concentrada (46).wav,Base_de_Dados\Perda_concentrada\Perda_concentrada (46).wav,Perda_concentrada,2,Impulsive_Shocks_and_Structural,train
Perda_concentrada (47).wav,Base_de_Dados\Perda_concentrada\Perda_concentrada (47).wav,Perda_concentrada,2,Impulsive_Shocks_and_Structural,train
Perda_concentrada (48).wav,Base_de_Dados\Perda_concentrada\Perda_concentrada (48).wav,Perda_concentrada,2,Impulsive_Shocks_and_Structural,train
Perda_concentrada (49).wav,Base_de_Dados\Perda_concentrada\Perda_concentrada (49).wav,Perda_concentrada,2,Impulsive_Shocks_and_Structural,train
Perda_concentrada (5).wav,Base_de_Dados\Perda_concentrada\Perda_concentrada (5).wav,Perda_concentrada,2,Impulsive_Shocks_and_Structural,val
Perda_concentrada (50).wav,Base_de_Dados\Perda_concentrada\Perda_concentrada (50).wav,Perda_concentrada,2,Impulsive_Shocks_and_Structural,val
Perda_concentrada (51).wav,Base_de_Dados\Perda_concentrada\Perda_concentrada (51).wav,Perda_concentrada,2,Impulsive_Shocks_and_Structural,train
Perda_concentrada (52).wav,Base_de_Dados\Perda_concentrada\Perda_concentrada (52).wav,Perda_concentrada,2,Impulsive_Shocks_and_Structural,test
Perda_concentrada (53).wav,Base_de_Dados\Perda_concentrada\Perda_concentrada (53).wav,Perda_concentrada,2,Impulsive_Shocks_and_Structural,train
Perda_concentrada (54).wav,Base_de_Dados\Perda_concentrada\Perda_concentrada (54).wav,Perda_concentrada,2,Impulsive_Shocks_and_Structural,test
Perda_concentrada (55).wav,Base_de_Dados\Perda_concentrada\Perda_concentrada (55).wav,Perda_concentrada,2,Impulsive_Shocks_and_Structural,test
Perda_concentrada (56).wav,Base_de_Dados\Perda_concentrada\Perda_concentrada (56).wav,Perda_concentrada,2,Impulsive_Shocks_and_Structural,train
Perda_concentrada (57).wav,Base_de_Dados\Perda_concentrada\Perda_concentrada (57).wav,Perda_concentrada,2,Impulsive_Shocks_and_Structural,train
Perda_concentrada (58).wav,Base_de_Dados\Perda_concentrada\Perda_concentrada (58).wav,Perda_concentrada,2,Impulsive_Shocks_and_Structural,train
Perda_concentrada (59).wav,Base_de_Dados\Perda_concentrada\Perda_concentrada (59).wav,Perda_concentrada,2,Impulsive_Shocks_and_Structural,train
Perda_concentrada (6).wav,Base_de_Dados\Perda_concentrada\Perda_concentrada (6).wav,Perda_concentrada,2,Impulsive_Shocks_and_Structural,val
Perda_concentrada (60).wav,Base_de_Dados\Perda_concentrada\Perda_concentrada (60).wav,Perda_concentrada,2,Impulsive_Shocks_and_Structural,val
Perda_concentrada (61).wav,Base_de_Dados\Perda_concentrada\Perda_concentrada (61).wav,Perda_concentrada,2,Impulsive_Shocks_and_Structural,train
Perda_concentrada (62).wav,Base_de_Dados\Perda_concentrada\Perda_concentrada (62).wav,Perda_concentrada,2,Impulsive_Shocks_and_Structural,train
Perda_concentrada (63).wav,Base_de_Dados\Perda_concentrada\Perda_concentrada (63).wav,Perda_concentrada,2,Impulsive_Shocks_and_Structural,train
Perda_concentrada (64).wav,Base_de_Dados\Perda_concentrada\Perda_concentrada (64).wav,Perda_concentrada,2,Impulsive_Shocks_and_Structural,train
Perda_concentrada (65).wav,Base_de_Dados\Perda_concentrada\Perda_concentrada (65).wav,Perda_concentrada,2,Impulsive_Shocks_and_Structural,val
Perda_concentrada (66).wav,Base_de_Dados\Perda_concentrada\Perda_concentrada (66).wav,Perda_concentrada,2,Impulsive_Shocks_and_Structural,val
Perda_concentrada (67).wav,Base_de_Dados\Perda_concentrada\Perda_concentrada (67).wav,Perda_concentrada,2,Impulsive_Shocks_and_Structural,val
Perda_concentrada (68).wav,Base_de_Dados\Perda_concentrada\Perda_concentrada (68).wav,Perda_concentrada,2,Impulsive_Shocks_and_Structural,val
Perda_concentrada (69).wav,Base_de_Dados\Perda_concentrada\Perda_concentrada (69).wav,Perda_concentrada,2,Impulsive_Shocks_and_Structural,test
Perda_concentrada (7).wav,Base_de_Dados\Perda_concentrada\Perda_concentrada (7).wav,Perda_concentrada,2,Impulsive_Shocks_and_Structural,test
Perda_concentrada (70).wav,Base_de_Dados\Perda_concentrada\Perda_concentrada (70).wav,Perda_concentrada,2,Impulsive_Shocks_and_Structural,test
Perda_concentrada (71).wav,Base_de_Dados\Perda_concentrada\Perda_concentrada (71).wav,Perda_concentrada,2,Impulsive_Shocks_and_Structural,test
Perda_concentrada (72).wav,Base_de_Dados\Perda_concentrada\Perda_concentrada (72).wav,Perda_concentrada,2,Impulsive_Shocks_and_Structural,train
Perda_concentrada (73).wav,Base_de_Dados\Perda_concentrada\Perda_concentrada (73).wav,Perda_concentrada,2,Impulsive_Shocks_and_Structural,test
Perda_concentrada (74).wav,Base_de_Dados\Perda_concentrada\Perda_concentrada (74).wav,Perda_concentrada,2,Impulsive_Shocks_and_Structural,train
Perda_concentrada (75).wav,Base_de_Dados\Perda_concentrada\Perda_concentrada (75).wav,Perda_concentrada,2,Impulsive_Shocks_and_Structural,test
Perda_concentrada (76).wav,Base_de_Dados\Perda_concentrada\Perda_concentrada (76).wav,Perda_concentrada,2,Impulsive_Shocks_and_Structural,test
Perda_concentrada (77).wav,Base_de_Dados\Perda_concentrada\Perda_concentrada (77).wav,Perda_concentrada,2,Impulsive_Shocks_and_Structural,train
Perda_concentrada (78).wav,Base_de_Dados\Perda_concentrada\Perda_concentrada (78).wav,Perda_concentrada,2,Impulsive_Shocks_and_Structural,train
Perda_concentrada (79).wav,Base_de_Dados\Perda_concentrada\Perda_concentrada (79).wav,Perda_concentrada,2,Impulsive_Shocks_and_Structural,train
Perda_concentrada (8).wav,Base_de_Dados\Perda_concentrada\Perda_concentrada (8).wav,Perda_concentrada,2,Impulsive_Shocks_and_Structural,test
Perda_concentrada (80).wav,Base_de_Dados\Perda_concentrada\Perda_concentrada (80).wav,Perda_concentrada,2,Impulsive_Shocks_and_Structural,train
Perda_concentrada (81).wav,Base_de_Dados\Perda_concentrada\Perda_concentrada (81).wav,Perda_concentrada,2,Impulsive_Shocks_and_Structural,val
Perda_concentrada (82).wav,Base_de_Dados\Perda_concentrada\Perda_concentrada (82).wav,Perda_concentrada,2,Impulsive_Shocks_and_Structural,train
Perda_concentrada (83).wav,Base_de_Dados\Perda_concentrada\Perda_concentrada (83).wav,Perda_concentrada,2,Impulsive_Shocks_and_Structural,train
Perda_concentrada (84).wav,Base_de_Dados\Perda_concentrada\Perda_concentrada (84).wav,Perda_concentrada,2,Impulsive_Shocks_and_Structural,train
Perda_concentrada (85).wav,Base_de_Dados\Perda_concentrada\Perda_concentrada (85).wav,Perda_concentrada,2,Impulsive_Shocks_and_Structural,train
Perda_concentrada (86).wav,Base_de_Dados\Perda_concentrada\Perda_concentrada (86).wav,Perda_concentrada,2,Impulsive_Shocks_and_Structural,test
Perda_concentrada (87).wav,Base_de_Dados\Perda_concentrada\Perda_concentrada (87).wav,Perda_concentrada,2,Impulsive_Shocks_and_Structural,train
Perda_concentrada (88).wav,Base_de_Dados\Perda_concentrada\Perda_concentrada (88).wav,Perda_concentrada,2,Impulsive_Shocks_and_Structural,train
Perda_concentrada (89).wav,Base_de_Dados\Perda_concentrada\Perda_concentrada (89).wav,Perda_concentrada,2,Impulsive_Shocks_and_Structural,test
Perda_concentrada (9).wav,Base_de_Dados\Perda_concentrada\Perda_concentrada (9).wav,Perda_concentrada,2,Impulsive_Shocks_and_Structural,val
Perda_concentrada (90).wav,Base_de_Dados\Perda_concentrada\Perda_concentrada (90).wav,Perda_concentrada,2,Impulsive_Shocks_and_Structural,train
Perda_concentrada (91).wav,Base_de_Dados\Perda_concentrada\Perda_concentrada (91).wav,Perda_concentrada,2,Impulsive_Shocks_and_Structural,train
Perda_concentrada (92).wav,Base_de_Dados\Perda_concentrada\Perda_concentrada (92).wav,Perda_concentrada,2,Impulsive_Shocks_and_Structural,test
Perda_concentrada (93).wav,Base_de_Dados\Perda_concentrada\Perda_concentrada (93).wav,Perda_concentrada,2,Impulsive_Shocks_and_Structural,train
Perda_concentrada (94).wav,Base_de_Dados\Perda_concentrada\Perda_concentrada (94).wav,Perda_concentrada,2,Impulsive_Shocks_and_Structural,train
Perda_concentrada (95).wav,Base_de_Dados\Perda_concentrada\Perda_concentrada (95).wav,Perda_concentrada,2,Impulsive_Shocks_and_Structural,train
Perda_concentrada (96).wav,Base_de_Dados\Perda_concentrada\Perda_concentrada (96).wav,Perda_concentrada,2,Impulsive_Shocks_and_Structural,train
Perda_concentrada (97).wav,Base_de_Dados\Perda_concentrada\Perda_concentrada (97).wav,Perda_concentrada,2,Impulsive_Shocks_and_Structural,train
Perda_concentrada (98).wav,Base_de_Dados\Perda_concentrada\Perda_concentrada (98).wav,Perda_concentrada,2,Impulsive_Shocks_and_Structural,train
Perda_concentrada (99).wav,Base_de_Dados\Perda_concentrada\Perda_concentrada (99).wav,Perda_concentrada,2,Impulsive_Shocks_and_Structural,train
Perda_concentrada_P1 (1).wav,Base_de_Dados\Perda_concentrada_P1\Perda_concentrada_P1 (1).wav,Perda_concentrada_P1,2,Impulsive_Shocks_and_Structural,train
Perda_concentrada_P1 (10).wav,Base_de_Dados\Perda_concentrada_P1\Perda_concentrada_P1 (10).wav,Perda_concentrada_P1,2,Impulsive_Shocks_and_Structural,train
Perda_concentrada_P1 (100).wav,Base_de_Dados\Perda_concentrada_P1\Perda_concentrada_P1 (100).wav,Perda_concentrada_P1,2,Impulsive_Shocks_and_Structural,test
Perda_concentrada_P1 (101).wav,Base_de_Dados\Perda_concentrada_P1\Perda_concentrada_P1 (101).wav,Perda_concentrada_P1,2,Impulsive_Shocks_and_Structural,train
Perda_concentrada_P1 (102).wav,Base_de_Dados\Perda_concentrada_P1\Perda_concentrada_P1 (102).wav,Perda_concentrada_P1,2,Impulsive_Shocks_and_Structural,train
Perda_concentrada_P1 (103).wav,Base_de_Dados\Perda_concentrada_P1\Perda_concentrada_P1 (103).wav,Perda_concentrada_P1,2,Impulsive_Shocks_and_Structural,train
Perda_concentrada_P1 (104).wav,Base_de_Dados\Perda_concentrada_P1\Perda_concentrada_P1 (104).wav,Perda_concentrada_P1,2,Impulsive_Shocks_and_Structural,train
Perda_concentrada_P1 (105).wav,Base_de_Dados\Perda_concentrada_P1\Perda_concentrada_P1 (105).wav,Perda_concentrada_P1,2,Impulsive_Shocks_and_Structural,test
Perda_concentrada_P1 (106).wav,Base_de_Dados\Perda_concentrada_P1\Perda_concentrada_P1 (106).wav,Perda_concentrada_P1,2,Impulsive_Shocks_and_Structural,val
Perda_concentrada_P1 (107).wav,Base_de_Dados\Perda_concentrada_P1\Perda_concentrada_P1 (107).wav,Perda_concentrada_P1,2,Impulsive_Shocks_and_Structural,train
Perda_concentrada_P1 (108).wav,Base_de_Dados\Perda_concentrada_P1\Perda_concentrada_P1 (108).wav,Perda_concentrada_P1,2,Impulsive_Shocks_and_Structural,train
Perda_concentrada_P1 (109).wav,Base_de_Dados\Perda_concentrada_P1\Perda_concentrada_P1 (109).wav,Perda_concentrada_P1,2,Impulsive_Shocks_and_Structural,train
Perda_concentrada_P1 (11).wav,Base_de_Dados\Perda_concentrada_P1\Perda_concentrada_P1 (11).wav,Perda_concentrada_P1,2,Impulsive_Shocks_and_Structural,train
Perda_concentrada_P1 (110).wav,Base_de_Dados\Perda_concentrada_P1\Perda_concentrada_P1 (110).wav,Perda_concentrada_P1,2,Impulsive_Shocks_and_Structural,train
Perda_concentrada_P1 (111).wav,Base_de_Dados\Perda_concentrada_P1\Perda_concentrada_P1 (111).wav,Perda_concentrada_P1,2,Impulsive_Shocks_and_Structural,train
Perda_concentrada_P1 (112).wav,Base_de_Dados\Perda_concentrada_P1\Perda_concentrada_P1 (112).wav,Perda_concentrada_P1,2,Impulsive_Shocks_and_Structural,train
Perda_concentrada_P1 (113).wav,Base_de_Dados\Perda_concentrada_P1\Perda_concentrada_P1 (113).wav,Perda_concentrada_P1,2,Impulsive_Shocks_and_Structural,train
Perda_concentrada_P1 (114).wav,Base_de_Dados\Perda_concentrada_P1\Perda_concentrada_P1 (114).wav,Perda_concentrada_P1,2,Impulsive_Shocks_and_Structural,train
Perda_concentrada_P1 (115).wav,Base_de_Dados\Perda_concentrada_P1\Perda_concentrada_P1 (115).wav,Perda_concentrada_P1,2,Impulsive_Shocks_and_Structural,val
Perda_concentrada_P1 (116).wav,Base_de_Dados\Perda_concentrada_P1\Perda_concentrada_P1 (116).wav,Perda_concentrada_P1,2,Impulsive_Shocks_and_Structural,val
Perda_concentrada_P1 (117).wav,Base_de_Dados\Perda_concentrada_P1\Perda_concentrada_P1 (117).wav,Perda_concentrada_P1,2,Impulsive_Shocks_and_Structural,train
Perda_concentrada_P1 (118).wav,Base_de_Dados\Perda_concentrada_P1\Perda_concentrada_P1 (118).wav,Perda_concentrada_P1,2,Impulsive_Shocks_and_Structural,test
Perda_concentrada_P1 (119).wav,Base_de_Dados\Perda_concentrada_P1\Perda_concentrada_P1 (119).wav,Perda_concentrada_P1,2,Impulsive_Shocks_and_Structural,train
Perda_concentrada_P1 (12).wav,Base_de_Dados\Perda_concentrada_P1\Perda_concentrada_P1 (12).wav,Perda_concentrada_P1,2,Impulsive_Shocks_and_Structural,train
Perda_concentrada_P1 (120).wav,Base_de_Dados\Perda_concentrada_P1\Perda_concentrada_P1 (120).wav,Perda_concentrada_P1,2,Impulsive_Shocks_and_Structural,train
Perda_concentrada_P1 (121).wav,Base_de_Dados\Perda_concentrada_P1\Perda_concentrada_P1 (121).wav,Perda_concentrada_P1,2,Impulsive_Shocks_and_Structural,train
Perda_concentrada_P1 (122).wav,Base_de_Dados\Perda_concentrada_P1\Perda_concentrada_P1 (122).wav,Perda_concentrada_P1,2,Impulsive_Shocks_and_Structural,train
Perda_concentrada_P1 (123).wav,Base_de_Dados\Perda_concentrada_P1\Perda_concentrada_P1 (123).wav,Perda_concentrada_P1,2,Impulsive_Shocks_and_Structural,train
Perda_concentrada_P1 (124).wav,Base_de_Dados\Perda_concentrada_P1\Perda_concentrada_P1 (124).wav,Perda_concentrada_P1,2,Impulsive_Shocks_and_Structural,train
Perda_concentrada_P1 (125).wav,Base_de_Dados\Perda_concentrada_P1\Perda_concentrada_P1 (125).wav,Perda_concentrada_P1,2,Impulsive_Shocks_and_Structural,test
Perda_concentrada_P1 (126).wav,Base_de_Dados\Perda_concentrada_P1\Perda_concentrada_P1 (126).wav,Perda_concentrada_P1,2,Impulsive_Shocks_and_Structural,train
Perda_concentrada_P1 (127).wav,Base_de_Dados\Perda_concentrada_P1\Perda_concentrada_P1 (127).wav,Perda_concentrada_P1,2,Impulsive_Shocks_and_Structural,train
Perda_concentrada_P1 (128).wav,Base_de_Dados\Perda_concentrada_P1\Perda_concentrada_P1 (128).wav,Perda_concentrada_P1,2,Impulsive_Shocks_and_Structural,train
Perda_concentrada_P1 (129).wav,Base_de_Dados\Perda_concentrada_P1\Perda_concentrada_P1 (129).wav,Perda_concentrada_P1,2,Impulsive_Shocks_and_Structural,val
Perda_concentrada_P1 (13).wav,Base_de_Dados\Perda_concentrada_P1\Perda_concentrada_P1 (13).wav,Perda_concentrada_P1,2,Impulsive_Shocks_and_Structural,val
Perda_concentrada_P1 (130).wav,Base_de_Dados\Perda_concentrada_P1\Perda_concentrada_P1 (130).wav,Perda_concentrada_P1,2,Impulsive_Shocks_and_Structural,val
Perda_concentrada_P1 (131).wav,Base_de_Dados\Perda_concentrada_P1\Perda_concentrada_P1 (131).wav,Perda_concentrada_P1,2,Impulsive_Shocks_and_Structural,val
Perda_concentrada_P1 (132).wav,Base_de_Dados\Perda_concentrada_P1\Perda_concentrada_P1 (132).wav,Perda_concentrada_P1,2,Impulsive_Shocks_and_Structural,test
Perda_concentrada_P1 (133).wav,Base_de_Dados\Perda_concentrada_P1\Perda_concentrada_P1 (133).wav,Perda_concentrada_P1,2,Impulsive_Shocks_and_Structural,train
Perda_concentrada_P1 (134).wav,Base_de_Dados\Perda_concentrada_P1\Perda_concentrada_P1 (134).wav,Perda_concentrada_P1,2,Impulsive_Shocks_and_Structural,train
Perda_concentrada_P1 (135).wav,Base_de_Dados\Perda_concentrada_P1\Perda_concentrada_P1 (135).wav,Perda_concentrada_P1,2,Impulsive_Shocks_and_Structural,train
Perda_concentrada_P1 (136).wav,Base_de_Dados\Perda_concentrada_P1\Perda_concentrada_P1 (136).wav,Perda_concentrada_P1,2,Impulsive_Shocks_and_Structural,train
Perda_concentrada_P1 (137).wav,Base_de_Dados\Perda_concentrada_P1\Perda_concentrada_P1 (137).wav,Perda_concentrada_P1,2,Impulsive_Shocks_and_Structural,train
Perda_concentrada_P1 (138).wav,Base_de_Dados\Perda_concentrada_P1\Perda_concentrada_P1 (138).wav,Perda_concentrada_P1,2,Impulsive_Shocks_and_Structural,train
Perda_concentrada_P1 (139).wav,Base_de_Dados\Perda_concentrada_P1\Perda_concentrada_P1 (139).wav,Perda_concentrada_P1,2,Impulsive_Shocks_and_Structural,train
Perda_concentrada_P1 (14).wav,Base_de_Dados\Perda_concentrada_P1\Perda_concentrada_P1 (14).wav,Perda_concentrada_P1,2,Impulsive_Shocks_and_Structural,train
Perda_concentrada_P1 (140).wav,Base_de_Dados\Perda_concentrada_P1\Perda_concentrada_P1 (140).wav,Perda_concentrada_P1,2,Impulsive_Shocks_and_Structural,test
Perda_concentrada_P1 (141).wav,Base_de_Dados\Perda_concentrada_P1\Perda_concentrada_P1 (141).wav,Perda_concentrada_P1,2,Impulsive_Shocks_and_Structural,test
Perda_concentrada_P1 (142).wav,Base_de_Dados\Perda_concentrada_P1\Perda_concentrada_P1 (142).wav,Perda_concentrada_P1,2,Impulsive_Shocks_and_Structural,val
Perda_concentrada_P1 (143).wav,Base_de_Dados\Perda_concentrada_P1\Perda_concentrada_P1 (143).wav,Perda_concentrada_P1,2,Impulsive_Shocks_and_Structural,test
Perda_concentrada_P1 (144).wav,Base_de_Dados\Perda_concentrada_P1\Perda_concentrada_P1 (144).wav,Perda_concentrada_P1,2,Impulsive_Shocks_and_Structural,train
Perda_concentrada_P1 (145).wav,Base_de_Dados\Perda_concentrada_P1\Perda_concentrada_P1 (145).wav,Perda_concentrada_P1,2,Impulsive_Shocks_and_Structural,train
Perda_concentrada_P1 (146).wav,Base_de_Dados\Perda_concentrada_P1\Perda_concentrada_P1 (146).wav,Perda_concentrada_P1,2,Impulsive_Shocks_and_Structural,train
Perda_concentrada_P1 (147).wav,Base_de_Dados\Perda_concentrada_P1\Perda_concentrada_P1 (147).wav,Perda_concentrada_P1,2,Impulsive_Shocks_and_Structural,train
Perda_concentrada_P1 (148).wav,Base_de_Dados\Perda_concentrada_P1\Perda_concentrada_P1 (148).wav,Perda_concentrada_P1,2,Impulsive_Shocks_and_Structural,val
Perda_concentrada_P1 (149).wav,Base_de_Dados\Perda_concentrada_P1\Perda_concentrada_P1 (149).wav,Perda_concentrada_P1,2,Impulsive_Shocks_and_Structural,test
Perda_concentrada_P1 (15).wav,Base_de_Dados\Perda_concentrada_P1\Perda_concentrada_P1 (15).wav,Perda_concentrada_P1,2,Impulsive_Shocks_and_Structural,train
Perda_concentrada_P1 (150).wav,Base_de_Dados\Perda_concentrada_P1\Perda_concentrada_P1 (150).wav,Perda_concentrada_P1,2,Impulsive_Shocks_and_Structural,test
Perda_concentrada_P1 (151).wav,Base_de_Dados\Perda_concentrada_P1\Perda_concentrada_P1 (151).wav,Perda_concentrada_P1,2,Impulsive_Shocks_and_Structural,val
Perda_concentrada_P1 (152).wav,Base_de_Dados\Perda_concentrada_P1\Perda_concentrada_P1 (152).wav,Perda_concentrada_P1,2,Impulsive_Shocks_and_Structural,test
Perda_concentrada_P1 (153).wav,Base_de_Dados\Perda_concentrada_P1\Perda_concentrada_P1 (153).wav,Perda_concentrada_P1,2,Impulsive_Shocks_and_Structural,train
Perda_concentrada_P1 (154).wav,Base_de_Dados\Perda_concentrada_P1\Perda_concentrada_P1 (154).wav,Perda_concentrada_P1,2,Impulsive_Shocks_and_Structural,train
Perda_concentrada_P1 (155).wav,Base_de_Dados\Perda_concentrada_P1\Perda_concentrada_P1 (155).wav,Perda_concentrada_P1,2,Impulsive_Shocks_and_Structural,train
Perda_concentrada_P1 (156).wav,Base_de_Dados\Perda_concentrada_P1\Perda_concentrada_P1 (156).wav,Perda_concentrada_P1,2,Impulsive_Shocks_and_Structural,train
Perda_concentrada_P1 (157).wav,Base_de_Dados\Perda_concentrada_P1\Perda_concentrada_P1 (157).wav,Perda_concentrada_P1,2,Impulsive_Shocks_and_Structural,test
Perda_concentrada_P1 (158).wav,Base_de_Dados\Perda_concentrada_P1\Perda_concentrada_P1 (158).wav,Perda_concentrada_P1,2,Impulsive_Shocks_and_Structural,val
Perda_concentrada_P1 (159).wav,Base_de_Dados\Perda_concentrada_P1\Perda_concentrada_P1 (159).wav,Perda_concentrada_P1,2,Impulsive_Shocks_and_Structural,train
Perda_concentrada_P1 (16).wav,Base_de_Dados\Perda_concentrada_P1\Perda_concentrada_P1 (16).wav,Perda_concentrada_P1,2,Impulsive_Shocks_and_Structural,train
Perda_concentrada_P1 (160).wav,Base_de_Dados\Perda_concentrada_P1\Perda_concentrada_P1 (160).wav,Perda_concentrada_P1,2,Impulsive_Shocks_and_Structural,train
Perda_concentrada_P1 (161).wav,Base_de_Dados\Perda_concentrada_P1\Perda_concentrada_P1 (161).wav,Perda_concentrada_P1,2,Impulsive_Shocks_and_Structural,val
Perda_concentrada_P1 (162).wav,Base_de_Dados\Perda_concentrada_P1\Perda_concentrada_P1 (162).wav,Perda_concentrada_P1,2,Impulsive_Shocks_and_Structural,train
Perda_concentrada_P1 (163).wav,Base_de_Dados\Perda_concentrada_P1\Perda_concentrada_P1 (163).wav,Perda_concentrada_P1,2,Impulsive_Shocks_and_Structural,train
Perda_concentrada_P1 (164).wav,Base_de_Dados\Perda_concentrada_P1\Perda_concentrada_P1 (164).wav,Perda_concentrada_P1,2,Impulsive_Shocks_and_Structural,train
Perda_concentrada_P1 (165).wav,Base_de_Dados\Perda_concentrada_P1\Perda_concentrada_P1 (165).wav,Perda_concentrada_P1,2,Impulsive_Shocks_and_Structural,train
Perda_concentrada_P1 (166).wav,Base_de_Dados\Perda_concentrada_P1\Perda_concentrada_P1 (166).wav,Perda_concentrada_P1,2,Impulsive_Shocks_and_Structural,train
Perda_concentrada_P1 (167).wav,Base_de_Dados\Perda_concentrada_P1\Perda_concentrada_P1 (167).wav,Perda_concentrada_P1,2,Impulsive_Shocks_and_Structural,train
Perda_concentrada_P1 (168).wav,Base_de_Dados\Perda_concentrada_P1\Perda_concentrada_P1 (168).wav,Perda_concentrada_P1,2,Impulsive_Shocks_and_Structural,test
Perda_concentrada_P1 (169).wav,Base_de_Dados\Perda_concentrada_P1\Perda_concentrada_P1 (169).wav,Perda_concentrada_P1,2,Impulsive_Shocks_and_Structural,train
Perda_concentrada_P1 (17).wav,Base_de_Dados\Perda_concentrada_P1\Perda_concentrada_P1 (17).wav,Perda_concentrada_P1,2,Impulsive_Shocks_and_Structural,train
Perda_concentrada_P1 (170).wav,Base_de_Dados\Perda_concentrada_P1\Perda_concentrada_P1 (170).wav,Perda_concentrada_P1,2,Impulsive_Shocks_and_Structural,train
Perda_concentrada_P1 (171).wav,Base_de_Dados\Perda_concentrada_P1\Perda_concentrada_P1 (171).wav,Perda_concentrada_P1,2,Impulsive_Shocks_and_Structural,train
Perda_concentrada_P1 (172).wav,Base_de_Dados\Perda_concentrada_P1\Perda_concentrada_P1 (172).wav,Perda_concentrada_P1,2,Impulsive_Shocks_and_Structural,test
Perda_concentrada_P1 (173).wav,Base_de_Dados\Perda_concentrada_P1\Perda_concentrada_P1 (173).wav,Perda_concentrada_P1,2,Impulsive_Shocks_and_Structural,val
Perda_concentrada_P1 (174).wav,Base_de_Dados\Perda_concentrada_P1\Perda_concentrada_P1 (174).wav,Perda_concentrada_P1,2,Impulsive_Shocks_and_Structural,train
Perda_concentrada_P1 (175).wav,Base_de_Dados\Perda_concentrada_P1\Perda_concentrada_P1 (175).wav,Perda_concentrada_P1,2,Impulsive_Shocks_and_Structural,test
Perda_concentrada_P1 (176).wav,Base_de_Dados\Perda_concentrada_P1\Perda_concentrada_P1 (176).wav,Perda_concentrada_P1,2,Impulsive_Shocks_and_Structural,train
Perda_concentrada_P1 (177).wav,Base_de_Dados\Perda_concentrada_P1\Perda_concentrada_P1 (177).wav,Perda_concentrada_P1,2,Impulsive_Shocks_and_Structural,train
Perda_concentrada_P1 (178).wav,Base_de_Dados\Perda_concentrada_P1\Perda_concentrada_P1 (178).wav,Perda_concentrada_P1,2,Impulsive_Shocks_and_Structural,train
Perda_concentrada_P1 (179).wav,Base_de_Dados\Perda_concentrada_P1\Perda_concentrada_P1 (179).wav,Perda_concentrada_P1,2,Impulsive_Shocks_and_Structural,test
Perda_concentrada_P1 (18).wav,Base_de_Dados\Perda_concentrada_P1\Perda_concentrada_P1 (18).wav,Perda_concentrada_P1,2,Impulsive_Shocks_and_Structural,train
Perda_concentrada_P1 (19).wav,Base_de_Dados\Perda_concentrada_P1\Perda_concentrada_P1 (19).wav,Perda_concentrada_P1,2,Impulsive_Shocks_and_Structural,train
Perda_concentrada_P1 (2).wav,Base_de_Dados\Perda_concentrada_P1\Perda_concentrada_P1 (2).wav,Perda_concentrada_P1,2,Impulsive_Shocks_and_Structural,train
Perda_concentrada_P1 (20).wav,Base_de_Dados\Perda_concentrada_P1\Perda_concentrada_P1 (20).wav,Perda_concentrada_P1,2,Impulsive_Shocks_and_Structural,train
Perda_concentrada_P1 (21).wav,Base_de_Dados\Perda_concentrada_P1\Perda_concentrada_P1 (21).wav,Perda_concentrada_P1,2,Impulsive_Shocks_and_Structural,train
Perda_concentrada_P1 (22).wav,Base_de_Dados\Perda_concentrada_P1\Perda_concentrada_P1 (22).wav,Perda_concentrada_P1,2,Impulsive_Shocks_and_Structural,train
Perda_concentrada_P1 (23).wav,Base_de_Dados\Perda_concentrada_P1\Perda_concentrada_P1 (23).wav,Perda_concentrada_P1,2,Impulsive_Shocks_and_Structural,train
Perda_concentrada_P1 (24).wav,Base_de_Dados\Perda_concentrada_P1\Perda_concentrada_P1 (24).wav,Perda_concentrada_P1,2,Impulsive_Shocks_and_Structural,train
Perda_concentrada_P1 (25).wav,Base_de_Dados\Perda_concentrada_P1\Perda_concentrada_P1 (25).wav,Perda_concentrada_P1,2,Impulsive_Shocks_and_Structural,train
Perda_concentrada_P1 (26).wav,Base_de_Dados\Perda_concentrada_P1\Perda_concentrada_P1 (26).wav,Perda_concentrada_P1,2,Impulsive_Shocks_and_Structural,test
Perda_concentrada_P1 (27).wav,Base_de_Dados\Perda_concentrada_P1\Perda_concentrada_P1 (27).wav,Perda_concentrada_P1,2,Impulsive_Shocks_and_Structural,train
Perda_concentrada_P1 (28).wav,Base_de_Dados\Perda_concentrada_P1\Perda_concentrada_P1 (28).wav,Perda_concentrada_P1,2,Impulsive_Shocks_and_Structural,test
Perda_concentrada_P1 (29).wav,Base_de_Dados\Perda_concentrada_P1\Perda_concentrada_P1 (29).wav,Perda_concentrada_P1,2,Impulsive_Shocks_and_Structural,test
Perda_concentrada_P1 (3).wav,Base_de_Dados\Perda_concentrada_P1\Perda_concentrada_P1 (3).wav,Perda_concentrada_P1,2,Impulsive_Shocks_and_Structural,train
Perda_concentrada_P1 (30).wav,Base_de_Dados\Perda_concentrada_P1\Perda_concentrada_P1 (30).wav,Perda_concentrada_P1,2,Impulsive_Shocks_and_Structural,val
Perda_concentrada_P1 (31).wav,Base_de_Dados\Perda_concentrada_P1\Perda_concentrada_P1 (31).wav,Perda_concentrada_P1,2,Impulsive_Shocks_and_Structural,train
Perda_concentrada_P1 (32).wav,Base_de_Dados\Perda_concentrada_P1\Perda_concentrada_P1 (32).wav,Perda_concentrada_P1,2,Impulsive_Shocks_and_Structural,test
Perda_concentrada_P1 (33).wav,Base_de_Dados\Perda_concentrada_P1\Perda_concentrada_P1 (33).wav,Perda_concentrada_P1,2,Impulsive_Shocks_and_Structural,train
Perda_concentrada_P1 (34).wav,Base_de_Dados\Perda_concentrada_P1\Perda_concentrada_P1 (34).wav,Perda_concentrada_P1,2,Impulsive_Shocks_and_Structural,test
Perda_concentrada_P1 (35).wav,Base_de_Dados\Perda_concentrada_P1\Perda_concentrada_P1 (35).wav,Perda_concentrada_P1,2,Impulsive_Shocks_and_Structural,test
Perda_concentrada_P1 (36).wav,Base_de_Dados\Perda_concentrada_P1\Perda_concentrada_P1 (36).wav,Perda_concentrada_P1,2,Impulsive_Shocks_and_Structural,test
Perda_concentrada_P1 (37).wav,Base_de_Dados\Perda_concentrada_P1\Perda_concentrada_P1 (37).wav,Perda_concentrada_P1,2,Impulsive_Shocks_and_Structural,train
Perda_concentrada_P1 (38).wav,Base_de_Dados\Perda_concentrada_P1\Perda_concentrada_P1 (38).wav,Perda_concentrada_P1,2,Impulsive_Shocks_and_Structural,train
Perda_concentrada_P1 (39).wav,Base_de_Dados\Perda_concentrada_P1\Perda_concentrada_P1 (39).wav,Perda_concentrada_P1,2,Impulsive_Shocks_and_Structural,test
Perda_concentrada_P1 (4).wav,Base_de_Dados\Perda_concentrada_P1\Perda_concentrada_P1 (4).wav,Perda_concentrada_P1,2,Impulsive_Shocks_and_Structural,train
Perda_concentrada_P1 (40).wav,Base_de_Dados\Perda_concentrada_P1\Perda_concentrada_P1 (40).wav,Perda_concentrada_P1,2,Impulsive_Shocks_and_Structural,train
Perda_concentrada_P1 (41).wav,Base_de_Dados\Perda_concentrada_P1\Perda_concentrada_P1 (41).wav,Perda_concentrada_P1,2,Impulsive_Shocks_and_Structural,train
Perda_concentrada_P1 (42).wav,Base_de_Dados\Perda_concentrada_P1\Perda_concentrada_P1 (42).wav,Perda_concentrada_P1,2,Impulsive_Shocks_and_Structural,test
Perda_concentrada_P1 (43).wav,Base_de_Dados\Perda_concentrada_P1\Perda_concentrada_P1 (43).wav,Perda_concentrada_P1,2,Impulsive_Shocks_and_Structural,train
Perda_concentrada_P1 (44).wav,Base_de_Dados\Perda_concentrada_P1\Perda_concentrada_P1 (44).wav,Perda_concentrada_P1,2,Impulsive_Shocks_and_Structural,train
Perda_concentrada_P1 (45).wav,Base_de_Dados\Perda_concentrada_P1\Perda_concentrada_P1 (45).wav,Perda_concentrada_P1,2,Impulsive_Shocks_and_Structural,train
Perda_concentrada_P1 (46).wav,Base_de_Dados\Perda_concentrada_P1\Perda_concentrada_P1 (46).wav,Perda_concentrada_P1,2,Impulsive_Shocks_and_Structural,train
Perda_concentrada_P1 (47).wav,Base_de_Dados\Perda_concentrada_P1\Perda_concentrada_P1 (47).wav,Perda_concentrada_P1,2,Impulsive_Shocks_and_Structural,train
Perda_concentrada_P1 (48).wav,Base_de_Dados\Perda_concentrada_P1\Perda_concentrada_P1 (48).wav,Perda_concentrada_P1,2,Impulsive_Shocks_and_Structural,val
Perda_concentrada_P1 (49).wav,Base_de_Dados\Perda_concentrada_P1\Perda_concentrada_P1 (49).wav,Perda_concentrada_P1,2,Impulsive_Shocks_and_Structural,val
Perda_concentrada_P1 (5).wav,Base_de_Dados\Perda_concentrada_P1\Perda_concentrada_P1 (5).wav,Perda_concentrada_P1,2,Impulsive_Shocks_and_Structural,train
Perda_concentrada_P1 (50).wav,Base_de_Dados\Perda_concentrada_P1\Perda_concentrada_P1 (50).wav,Perda_concentrada_P1,2,Impulsive_Shocks_and_Structural,train
Perda_concentrada_P1 (51).wav,Base_de_Dados\Perda_concentrada_P1\Perda_concentrada_P1 (51).wav,Perda_concentrada_P1,2,Impulsive_Shocks_and_Structural,train
Perda_concentrada_P1 (52).wav,Base_de_Dados\Perda_concentrada_P1\Perda_concentrada_P1 (52).wav,Perda_concentrada_P1,2,Impulsive_Shocks_and_Structural,val
Perda_concentrada_P1 (53).wav,Base_de_Dados\Perda_concentrada_P1\Perda_concentrada_P1 (53).wav,Perda_concentrada_P1,2,Impulsive_Shocks_and_Structural,val
Perda_concentrada_P1 (54).wav,Base_de_Dados\Perda_concentrada_P1\Perda_concentrada_P1 (54).wav,Perda_concentrada_P1,2,Impulsive_Shocks_and_Structural,train
Perda_concentrada_P1 (55).wav,Base_de_Dados\Perda_concentrada_P1\Perda_concentrada_P1 (55).wav,Perda_concentrada_P1,2,Impulsive_Shocks_and_Structural,test
Perda_concentrada_P1 (56).wav,Base_de_Dados\Perda_concentrada_P1\Perda_concentrada_P1 (56).wav,Perda_concentrada_P1,2,Impulsive_Shocks_and_Structural,train
Perda_concentrada_P1 (57).wav,Base_de_Dados\Perda_concentrada_P1\Perda_concentrada_P1 (57).wav,Perda_concentrada_P1,2,Impulsive_Shocks_and_Structural,test
Perda_concentrada_P1 (58).wav,Base_de_Dados\Perda_concentrada_P1\Perda_concentrada_P1 (58).wav,Perda_concentrada_P1,2,Impulsive_Shocks_and_Structural,train
Perda_concentrada_P1 (59).wav,Base_de_Dados\Perda_concentrada_P1\Perda_concentrada_P1 (59).wav,Perda_concentrada_P1,2,Impulsive_Shocks_and_Structural,train
Perda_concentrada_P1 (6).wav,Base_de_Dados\Perda_concentrada_P1\Perda_concentrada_P1 (6).wav,Perda_concentrada_P1,2,Impulsive_Shocks_and_Structural,train
Perda_concentrada_P1 (60).wav,Base_de_Dados\Perda_concentrada_P1\Perda_concentrada_P1 (60).wav,Perda_concentrada_P1,2,Impulsive_Shocks_and_Structural,train
Perda_concentrada_P1 (61).wav,Base_de_Dados\Perda_concentrada_P1\Perda_concentrada_P1 (61).wav,Perda_concentrada_P1,2,Impulsive_Shocks_and_Structural,train
Perda_concentrada_P1 (62).wav,Base_de_Dados\Perda_concentrada_P1\Perda_concentrada_P1 (62).wav,Perda_concentrada_P1,2,Impulsive_Shocks_and_Structural,val
Perda_concentrada_P1 (63).wav,Base_de_Dados\Perda_concentrada_P1\Perda_concentrada_P1 (63).wav,Perda_concentrada_P1,2,Impulsive_Shocks_and_Structural,train
Perda_concentrada_P1 (64).wav,Base_de_Dados\Perda_concentrada_P1\Perda_concentrada_P1 (64).wav,Perda_concentrada_P1,2,Impulsive_Shocks_and_Structural,train
Perda_concentrada_P1 (65).wav,Base_de_Dados\Perda_concentrada_P1\Perda_concentrada_P1 (65).wav,Perda_concentrada_P1,2,Impulsive_Shocks_and_Structural,train
Perda_concentrada_P1 (66).wav,Base_de_Dados\Perda_concentrada_P1\Perda_concentrada_P1 (66).wav,Perda_concentrada_P1,2,Impulsive_Shocks_and_Structural,train
Perda_concentrada_P1 (67).wav,Base_de_Dados\Perda_concentrada_P1\Perda_concentrada_P1 (67).wav,Perda_concentrada_P1,2,Impulsive_Shocks_and_Structural,train
Perda_concentrada_P1 (68).wav,Base_de_Dados\Perda_concentrada_P1\Perda_concentrada_P1 (68).wav,Perda_concentrada_P1,2,Impulsive_Shocks_and_Structural,train
Perda_concentrada_P1 (69).wav,Base_de_Dados\Perda_concentrada_P1\Perda_concentrada_P1 (69).wav,Perda_concentrada_P1,2,Impulsive_Shocks_and_Structural,train
Perda_concentrada_P1 (7).wav,Base_de_Dados\Perda_concentrada_P1\Perda_concentrada_P1 (7).wav,Perda_concentrada_P1,2,Impulsive_Shocks_and_Structural,train
Perda_concentrada_P1 (70).wav,Base_de_Dados\Perda_concentrada_P1\Perda_concentrada_P1 (70).wav,Perda_concentrada_P1,2,Impulsive_Shocks_and_Structural,train
Perda_concentrada_P1 (71).wav,Base_de_Dados\Perda_concentrada_P1\Perda_concentrada_P1 (71).wav,Perda_concentrada_P1,2,Impulsive_Shocks_and_Structural,test
Perda_concentrada_P1 (72).wav,Base_de_Dados\Perda_concentrada_P1\Perda_concentrada_P1 (72).wav,Perda_concentrada_P1,2,Impulsive_Shocks_and_Structural,val
Perda_concentrada_P1 (73).wav,Base_de_Dados\Perda_concentrada_P1\Perda_concentrada_P1 (73).wav,Perda_concentrada_P1,2,Impulsive_Shocks_and_Structural,test
Perda_concentrada_P1 (74).wav,Base_de_Dados\Perda_concentrada_P1\Perda_concentrada_P1 (74).wav,Perda_concentrada_P1,2,Impulsive_Shocks_and_Structural,val
Perda_concentrada_P1 (75).wav,Base_de_Dados\Perda_concentrada_P1\Perda_concentrada_P1 (75).wav,Perda_concentrada_P1,2,Impulsive_Shocks_and_Structural,train
Perda_concentrada_P1 (76).wav,Base_de_Dados\Perda_concentrada_P1\Perda_concentrada_P1 (76).wav,Perda_concentrada_P1,2,Impulsive_Shocks_and_Structural,train
Perda_concentrada_P1 (77).wav,Base_de_Dados\Perda_concentrada_P1\Perda_concentrada_P1 (77).wav,Perda_concentrada_P1,2,Impulsive_Shocks_and_Structural,val
Perda_concentrada_P1 (78).wav,Base_de_Dados\Perda_concentrada_P1\Perda_concentrada_P1 (78).wav,Perda_concentrada_P1,2,Impulsive_Shocks_and_Structural,train
Perda_concentrada_P1 (79).wav,Base_de_Dados\Perda_concentrada_P1\Perda_concentrada_P1 (79).wav,Perda_concentrada_P1,2,Impulsive_Shocks_and_Structural,train
Perda_concentrada_P1 (8).wav,Base_de_Dados\Perda_concentrada_P1\Perda_concentrada_P1 (8).wav,Perda_concentrada_P1,2,Impulsive_Shocks_and_Structural,train
Perda_concentrada_P1 (80).wav,Base_de_Dados\Perda_concentrada_P1\Perda_concentrada_P1 (80).wav,Perda_concentrada_P1,2,Impulsive_Shocks_and_Structural,train
Perda_concentrada_P1 (81).wav,Base_de_Dados\Perda_concentrada_P1\Perda_concentrada_P1 (81).wav,Perda_concentrada_P1,2,Impulsive_Shocks_and_Structural,train
Perda_concentrada_P1 (82).wav,Base_de_Dados\Perda_concentrada_P1\Perda_concentrada_P1 (82).wav,Perda_concentrada_P1,2,Impulsive_Shocks_and_Structural,train
Perda_concentrada_P1 (83).wav,Base_de_Dados\Perda_concentrada_P1\Perda_concentrada_P1 (83).wav,Perda_concentrada_P1,2,Impulsive_Shocks_and_Structural,train
Perda_concentrada_P1 (84).wav,Base_de_Dados\Perda_concentrada_P1\Perda_concentrada_P1 (84).wav,Perda_concentrada_P1,2,Impulsive_Shocks_and_Structural,test
Perda_concentrada_P1 (85).wav,Base_de_Dados\Perda_concentrada_P1\Perda_concentrada_P1 (85).wav,Perda_concentrada_P1,2,Impulsive_Shocks_and_Structural,train
Perda_concentrada_P1 (86).wav,Base_de_Dados\Perda_concentrada_P1\Perda_concentrada_P1 (86).wav,Perda_concentrada_P1,2,Impulsive_Shocks_and_Structural,val
Perda_concentrada_P1 (87).wav,Base_de_Dados\Perda_concentrada_P1\Perda_concentrada_P1 (87).wav,Perda_concentrada_P1,2,Impulsive_Shocks_and_Structural,val
Perda_concentrada_P1 (88).wav,Base_de_Dados\Perda_concentrada_P1\Perda_concentrada_P1 (88).wav,Perda_concentrada_P1,2,Impulsive_Shocks_and_Structural,train
Perda_concentrada_P1 (89).wav,Base_de_Dados\Perda_concentrada_P1\Perda_concentrada_P1 (89).wav,Perda_concentrada_P1,2,Impulsive_Shocks_and_Structural,train
Perda_concentrada_P1 (9).wav,Base_de_Dados\Perda_concentrada_P1\Perda_concentrada_P1 (9).wav,Perda_concentrada_P1,2,Impulsive_Shocks_and_Structural,train
Perda_concentrada_P1 (90).wav,Base_de_Dados\Perda_concentrada_P1\Perda_concentrada_P1 (90).wav,Perda_concentrada_P1,2,Impulsive_Shocks_and_Structural,train
Perda_concentrada_P1 (91).wav,Base_de_Dados\Perda_concentrada_P1\Perda_concentrada_P1 (91).wav,Perda_concentrada_P1,2,Impulsive_Shocks_and_Structural,train
Perda_concentrada_P1 (92).wav,Base_de_Dados\Perda_concentrada_P1\Perda_concentrada_P1 (92).wav,Perda_concentrada_P1,2,Impulsive_Shocks_and_Structural,train
Perda_concentrada_P1 (93).wav,Base_de_Dados\Perda_concentrada_P1\Perda_concentrada_P1 (93).wav,Perda_concentrada_P1,2,Impulsive_Shocks_and_Structural,train
Perda_concentrada_P1 (94).wav,Base_de_Dados\Perda_concentrada_P1\Perda_concentrada_P1 (94).wav,Perda_concentrada_P1,2,Impulsive_Shocks_and_Structural,train
Perda_concentrada_P1 (95).wav,Base_de_Dados\Perda_concentrada_P1\Perda_concentrada_P1 (95).wav,Perda_concentrada_P1,2,Impulsive_Shocks_and_Structural,train
Perda_concentrada_P1 (96).wav,Base_de_Dados\Perda_concentrada_P1\Perda_concentrada_P1 (96).wav,Perda_concentrada_P1,2,Impulsive_Shocks_and_Structural,val
Perda_concentrada_P1 (97).wav,Base_de_Dados\Perda_concentrada_P1\Perda_concentrada_P1 (97).wav,Perda_concentrada_P1,2,Impulsive_Shocks_and_Structural,test
Perda_concentrada_P1 (98).wav,Base_de_Dados\Perda_concentrada_P1\Perda_concentrada_P1 (98).wav,Perda_concentrada_P1,2,Impulsive_Shocks_and_Structural,train
Perda_concentrada_P1 (99).wav,Base_de_Dados\Perda_concentrada_P1\Perda_concentrada_P1 (99).wav,Perda_concentrada_P1,2,Impulsive_Shocks_and_Structural,train
Perda_concentrada_P1P4 (1).wav,Base_de_Dados\Perda_concentrada_P1P4\Perda_concentrada_P1P4 (1).wav,Perda_concentrada_P1P4,2,Impulsive_Shocks_and_Structural,test
Perda_concentrada_P1P4 (10).wav,Base_de_Dados\Perda_concentrada_P1P4\Perda_concentrada_P1P4 (10).wav,Perda_concentrada_P1P4,2,Impulsive_Shocks_and_Structural,train
Perda_concentrada_P1P4 (100).wav,Base_de_Dados\Perda_concentrada_P1P4\Perda_concentrada_P1P4 (100).wav,Perda_concentrada_P1P4,2,Impulsive_Shocks_and_Structural,train
Perda_concentrada_P1P4 (101).wav,Base_de_Dados\Perda_concentrada_P1P4\Perda_concentrada_P1P4 (101).wav,Perda_concentrada_P1P4,2,Impulsive_Shocks_and_Structural,val
Perda_concentrada_P1P4 (102).wav,Base_de_Dados\Perda_concentrada_P1P4\Perda_concentrada_P1P4 (102).wav,Perda_concentrada_P1P4,2,Impulsive_Shocks_and_Structural,test
Perda_concentrada_P1P4 (103).wav,Base_de_Dados\Perda_concentrada_P1P4\Perda_concentrada_P1P4 (103).wav,Perda_concentrada_P1P4,2,Impulsive_Shocks_and_Structural,test
Perda_concentrada_P1P4 (104).wav,Base_de_Dados\Perda_concentrada_P1P4\Perda_concentrada_P1P4 (104).wav,Perda_concentrada_P1P4,2,Impulsive_Shocks_and_Structural,test
Perda_concentrada_P1P4 (105).wav,Base_de_Dados\Perda_concentrada_P1P4\Perda_concentrada_P1P4 (105).wav,Perda_concentrada_P1P4,2,Impulsive_Shocks_and_Structural,train
Perda_concentrada_P1P4 (106).wav,Base_de_Dados\Perda_concentrada_P1P4\Perda_concentrada_P1P4 (106).wav,Perda_concentrada_P1P4,2,Impulsive_Shocks_and_Structural,train
Perda_concentrada_P1P4 (107).wav,Base_de_Dados\Perda_concentrada_P1P4\Perda_concentrada_P1P4 (107).wav,Perda_concentrada_P1P4,2,Impulsive_Shocks_and_Structural,train
Perda_concentrada_P1P4 (108).wav,Base_de_Dados\Perda_concentrada_P1P4\Perda_concentrada_P1P4 (108).wav,Perda_concentrada_P1P4,2,Impulsive_Shocks_and_Structural,train
Perda_concentrada_P1P4 (109).wav,Base_de_Dados\Perda_concentrada_P1P4\Perda_concentrada_P1P4 (109).wav,Perda_concentrada_P1P4,2,Impulsive_Shocks_and_Structural,val
Perda_concentrada_P1P4 (11).wav,Base_de_Dados\Perda_concentrada_P1P4\Perda_concentrada_P1P4 (11).wav,Perda_concentrada_P1P4,2,Impulsive_Shocks_and_Structural,test
Perda_concentrada_P1P4 (110).wav,Base_de_Dados\Perda_concentrada_P1P4\Perda_concentrada_P1P4 (110).wav,Perda_concentrada_P1P4,2,Impulsive_Shocks_and_Structural,train
Perda_concentrada_P1P4 (111).wav,Base_de_Dados\Perda_concentrada_P1P4\Perda_concentrada_P1P4 (111).wav,Perda_concentrada_P1P4,2,Impulsive_Shocks_and_Structural,train
Perda_concentrada_P1P4 (112).wav,Base_de_Dados\Perda_concentrada_P1P4\Perda_concentrada_P1P4 (112).wav,Perda_concentrada_P1P4,2,Impulsive_Shocks_and_Structural,train
Perda_concentrada_P1P4 (113).wav,Base_de_Dados\Perda_concentrada_P1P4\Perda_concentrada_P1P4 (113).wav,Perda_concentrada_P1P4,2,Impulsive_Shocks_and_Structural,train
Perda_concentrada_P1P4 (114).wav,Base_de_Dados\Perda_concentrada_P1P4\Perda_concentrada_P1P4 (114).wav,Perda_concentrada_P1P4,2,Impulsive_Shocks_and_Structural,train
Perda_concentrada_P1P4 (115).wav,Base_de_Dados\Perda_concentrada_P1P4\Perda_concentrada_P1P4 (115).wav,Perda_concentrada_P1P4,2,Impulsive_Shocks_and_Structural,val
Perda_concentrada_P1P4 (116).wav,Base_de_Dados\Perda_concentrada_P1P4\Perda_concentrada_P1P4 (116).wav,Perda_concentrada_P1P4,2,Impulsive_Shocks_and_Structural,test
Perda_concentrada_P1P4 (117).wav,Base_de_Dados\Perda_concentrada_P1P4\Perda_concentrada_P1P4 (117).wav,Perda_concentrada_P1P4,2,Impulsive_Shocks_and_Structural,train
Perda_concentrada_P1P4 (118).wav,Base_de_Dados\Perda_concentrada_P1P4\Perda_concentrada_P1P4 (118).wav,Perda_concentrada_P1P4,2,Impulsive_Shocks_and_Structural,train
Perda_concentrada_P1P4 (119).wav,Base_de_Dados\Perda_concentrada_P1P4\Perda_concentrada_P1P4 (119).wav,Perda_concentrada_P1P4,2,Impulsive_Shocks_and_Structural,test
Perda_concentrada_P1P4 (12).wav,Base_de_Dados\Perda_concentrada_P1P4\Perda_concentrada_P1P4 (12).wav,Perda_concentrada_P1P4,2,Impulsive_Shocks_and_Structural,train
Perda_concentrada_P1P4 (120).wav,Base_de_Dados\Perda_concentrada_P1P4\Perda_concentrada_P1P4 (120).wav,Perda_concentrada_P1P4,2,Impulsive_Shocks_and_Structural,train
Perda_concentrada_P1P4 (121).wav,Base_de_Dados\Perda_concentrada_P1P4\Perda_concentrada_P1P4 (121).wav,Perda_concentrada_P1P4,2,Impulsive_Shocks_and_Structural,train
Perda_concentrada_P1P4 (122).wav,Base_de_Dados\Perda_concentrada_P1P4\Perda_concentrada_P1P4 (122).wav,Perda_concentrada_P1P4,2,Impulsive_Shocks_and_Structural,train
Perda_concentrada_P1P4 (123).wav,Base_de_Dados\Perda_concentrada_P1P4\Perda_concentrada_P1P4 (123).wav,Perda_concentrada_P1P4,2,Impulsive_Shocks_and_Structural,test
Perda_concentrada_P1P4 (124).wav,Base_de_Dados\Perda_concentrada_P1P4\Perda_concentrada_P1P4 (124).wav,Perda_concentrada_P1P4,2,Impulsive_Shocks_and_Structural,train
Perda_concentrada_P1P4 (125).wav,Base_de_Dados\Perda_concentrada_P1P4\Perda_concentrada_P1P4 (125).wav,Perda_concentrada_P1P4,2,Impulsive_Shocks_and_Structural,val
Perda_concentrada_P1P4 (126).wav,Base_de_Dados\Perda_concentrada_P1P4\Perda_concentrada_P1P4 (126).wav,Perda_concentrada_P1P4,2,Impulsive_Shocks_and_Structural,train
Perda_concentrada_P1P4 (127).wav,Base_de_Dados\Perda_concentrada_P1P4\Perda_concentrada_P1P4 (127).wav,Perda_concentrada_P1P4,2,Impulsive_Shocks_and_Structural,train
Perda_concentrada_P1P4 (128).wav,Base_de_Dados\Perda_concentrada_P1P4\Perda_concentrada_P1P4 (128).wav,Perda_concentrada_P1P4,2,Impulsive_Shocks_and_Structural,train
Perda_concentrada_P1P4 (129).wav,Base_de_Dados\Perda_concentrada_P1P4\Perda_concentrada_P1P4 (129).wav,Perda_concentrada_P1P4,2,Impulsive_Shocks_and_Structural,train
Perda_concentrada_P1P4 (13).wav,Base_de_Dados\Perda_concentrada_P1P4\Perda_concentrada_P1P4 (13).wav,Perda_concentrada_P1P4,2,Impulsive_Shocks_and_Structural,train
Perda_concentrada_P1P4 (130).wav,Base_de_Dados\Perda_concentrada_P1P4\Perda_concentrada_P1P4 (130).wav,Perda_concentrada_P1P4,2,Impulsive_Shocks_and_Structural,train
Perda_concentrada_P1P4 (131).wav,Base_de_Dados\Perda_concentrada_P1P4\Perda_concentrada_P1P4 (131).wav,Perda_concentrada_P1P4,2,Impulsive_Shocks_and_Structural,train
Perda_concentrada_P1P4 (132).wav,Base_de_Dados\Perda_concentrada_P1P4\Perda_concentrada_P1P4 (132).wav,Perda_concentrada_P1P4,2,Impulsive_Shocks_and_Structural,test
Perda_concentrada_P1P4 (133).wav,Base_de_Dados\Perda_concentrada_P1P4\Perda_concentrada_P1P4 (133).wav,Perda_concentrada_P1P4,2,Impulsive_Shocks_and_Structural,train
Perda_concentrada_P1P4 (134).wav,Base_de_Dados\Perda_concentrada_P1P4\Perda_concentrada_P1P4 (134).wav,Perda_concentrada_P1P4,2,Impulsive_Shocks_and_Structural,train
Perda_concentrada_P1P4 (135).wav,Base_de_Dados\Perda_concentrada_P1P4\Perda_concentrada_P1P4 (135).wav,Perda_concentrada_P1P4,2,Impulsive_Shocks_and_Structural,train
Perda_concentrada_P1P4 (136).wav,Base_de_Dados\Perda_concentrada_P1P4\Perda_concentrada_P1P4 (136).wav,Perda_concentrada_P1P4,2,Impulsive_Shocks_and_Structural,val
Perda_concentrada_P1P4 (137).wav,Base_de_Dados\Perda_concentrada_P1P4\Perda_concentrada_P1P4 (137).wav,Perda_concentrada_P1P4,2,Impulsive_Shocks_and_Structural,test
Perda_concentrada_P1P4 (138).wav,Base_de_Dados\Perda_concentrada_P1P4\Perda_concentrada_P1P4 (138).wav,Perda_concentrada_P1P4,2,Impulsive_Shocks_and_Structural,train
Perda_concentrada_P1P4 (139).wav,Base_de_Dados\Perda_concentrada_P1P4\Perda_concentrada_P1P4 (139).wav,Perda_concentrada_P1P4,2,Impulsive_Shocks_and_Structural,val
Perda_concentrada_P1P4 (14).wav,Base_de_Dados\Perda_concentrada_P1P4\Perda_concentrada_P1P4 (14).wav,Perda_concentrada_P1P4,2,Impulsive_Shocks_and_Structural,train
Perda_concentrada_P1P4 (140).wav,Base_de_Dados\Perda_concentrada_P1P4\Perda_concentrada_P1P4 (140).wav,Perda_concentrada_P1P4,2,Impulsive_Shocks_and_Structural,train
Perda_concentrada_P1P4 (141).wav,Base_de_Dados\Perda_concentrada_P1P4\Perda_concentrada_P1P4 (141).wav,Perda_concentrada_P1P4,2,Impulsive_Shocks_and_Structural,test
Perda_concentrada_P1P4 (142).wav,Base_de_Dados\Perda_concentrada_P1P4\Perda_concentrada_P1P4 (142).wav,Perda_concentrada_P1P4,2,Impulsive_Shocks_and_Structural,train
Perda_concentrada_P1P4 (143).wav,Base_de_Dados\Perda_concentrada_P1P4\Perda_concentrada_P1P4 (143).wav,Perda_concentrada_P1P4,2,Impulsive_Shocks_and_Structural,train
Perda_concentrada_P1P4 (144).wav,Base_de_Dados\Perda_concentrada_P1P4\Perda_concentrada_P1P4 (144).wav,Perda_concentrada_P1P4,2,Impulsive_Shocks_and_Structural,train
Perda_concentrada_P1P4 (145).wav,Base_de_Dados\Perda_concentrada_P1P4\Perda_concentrada_P1P4 (145).wav,Perda_concentrada_P1P4,2,Impulsive_Shocks_and_Structural,train
Perda_concentrada_P1P4 (146).wav,Base_de_Dados\Perda_concentrada_P1P4\Perda_concentrada_P1P4 (146).wav,Perda_concentrada_P1P4,2,Impulsive_Shocks_and_Structural,val
Perda_concentrada_P1P4 (147).wav,Base_de_Dados\Perda_concentrada_P1P4\Perda_concentrada_P1P4 (147).wav,Perda_concentrada_P1P4,2,Impulsive_Shocks_and_Structural,train
Perda_concentrada_P1P4 (148).wav,Base_de_Dados\Perda_concentrada_P1P4\Perda_concentrada_P1P4 (148).wav,Perda_concentrada_P1P4,2,Impulsive_Shocks_and_Structural,train
Perda_concentrada_P1P4 (149).wav,Base_de_Dados\Perda_concentrada_P1P4\Perda_concentrada_P1P4 (149).wav,Perda_concentrada_P1P4,2,Impulsive_Shocks_and_Structural,train
Perda_concentrada_P1P4 (15).wav,Base_de_Dados\Perda_concentrada_P1P4\Perda_concentrada_P1P4 (15).wav,Perda_concentrada_P1P4,2,Impulsive_Shocks_and_Structural,train
Perda_concentrada_P1P4 (150).wav,Base_de_Dados\Perda_concentrada_P1P4\Perda_concentrada_P1P4 (150).wav,Perda_concentrada_P1P4,2,Impulsive_Shocks_and_Structural,train
Perda_concentrada_P1P4 (151).wav,Base_de_Dados\Perda_concentrada_P1P4\Perda_concentrada_P1P4 (151).wav,Perda_concentrada_P1P4,2,Impulsive_Shocks_and_Structural,train
Perda_concentrada_P1P4 (152).wav,Base_de_Dados\Perda_concentrada_P1P4\Perda_concentrada_P1P4 (152).wav,Perda_concentrada_P1P4,2,Impulsive_Shocks_and_Structural,test
Perda_concentrada_P1P4 (153).wav,Base_de_Dados\Perda_concentrada_P1P4\Perda_concentrada_P1P4 (153).wav,Perda_concentrada_P1P4,2,Impulsive_Shocks_and_Structural,val
Perda_concentrada_P1P4 (154).wav,Base_de_Dados\Perda_concentrada_P1P4\Perda_concentrada_P1P4 (154).wav,Perda_concentrada_P1P4,2,Impulsive_Shocks_and_Structural,val
Perda_concentrada_P1P4 (155).wav,Base_de_Dados\Perda_concentrada_P1P4\Perda_concentrada_P1P4 (155).wav,Perda_concentrada_P1P4,2,Impulsive_Shocks_and_Structural,train
Perda_concentrada_P1P4 (156).wav,Base_de_Dados\Perda_concentrada_P1P4\Perda_concentrada_P1P4 (156).wav,Perda_concentrada_P1P4,2,Impulsive_Shocks_and_Structural,train
Perda_concentrada_P1P4 (157).wav,Base_de_Dados\Perda_concentrada_P1P4\Perda_concentrada_P1P4 (157).wav,Perda_concentrada_P1P4,2,Impulsive_Shocks_and_Structural,train
Perda_concentrada_P1P4 (158).wav,Base_de_Dados\Perda_concentrada_P1P4\Perda_concentrada_P1P4 (158).wav,Perda_concentrada_P1P4,2,Impulsive_Shocks_and_Structural,train
Perda_concentrada_P1P4 (159).wav,Base_de_Dados\Perda_concentrada_P1P4\Perda_concentrada_P1P4 (159).wav,Perda_concentrada_P1P4,2,Impulsive_Shocks_and_Structural,train
Perda_concentrada_P1P4 (16).wav,Base_de_Dados\Perda_concentrada_P1P4\Perda_concentrada_P1P4 (16).wav,Perda_concentrada_P1P4,2,Impulsive_Shocks_and_Structural,train
Perda_concentrada_P1P4 (160).wav,Base_de_Dados\Perda_concentrada_P1P4\Perda_concentrada_P1P4 (160).wav,Perda_concentrada_P1P4,2,Impulsive_Shocks_and_Structural,train
Perda_concentrada_P1P4 (161).wav,Base_de_Dados\Perda_concentrada_P1P4\Perda_concentrada_P1P4 (161).wav,Perda_concentrada_P1P4,2,Impulsive_Shocks_and_Structural,train
Perda_concentrada_P1P4 (162).wav,Base_de_Dados\Perda_concentrada_P1P4\Perda_concentrada_P1P4 (162).wav,Perda_concentrada_P1P4,2,Impulsive_Shocks_and_Structural,train
Perda_concentrada_P1P4 (163).wav,Base_de_Dados\Perda_concentrada_P1P4\Perda_concentrada_P1P4 (163).wav,Perda_concentrada_P1P4,2,Impulsive_Shocks_and_Structural,train
Perda_concentrada_P1P4 (164).wav,Base_de_Dados\Perda_concentrada_P1P4\Perda_concentrada_P1P4 (164).wav,Perda_concentrada_P1P4,2,Impulsive_Shocks_and_Structural,train
Perda_concentrada_P1P4 (165).wav,Base_de_Dados\Perda_concentrada_P1P4\Perda_concentrada_P1P4 (165).wav,Perda_concentrada_P1P4,2,Impulsive_Shocks_and_Structural,train
Perda_concentrada_P1P4 (166).wav,Base_de_Dados\Perda_concentrada_P1P4\Perda_concentrada_P1P4 (166).wav,Perda_concentrada_P1P4,2,Impulsive_Shocks_and_Structural,train
Perda_concentrada_P1P4 (167).wav,Base_de_Dados\Perda_concentrada_P1P4\Perda_concentrada_P1P4 (167).wav,Perda_concentrada_P1P4,2,Impulsive_Shocks_and_Structural,train
Perda_concentrada_P1P4 (168).wav,Base_de_Dados\Perda_concentrada_P1P4\Perda_concentrada_P1P4 (168).wav,Perda_concentrada_P1P4,2,Impulsive_Shocks_and_Structural,test
Perda_concentrada_P1P4 (169).wav,Base_de_Dados\Perda_concentrada_P1P4\Perda_concentrada_P1P4 (169).wav,Perda_concentrada_P1P4,2,Impulsive_Shocks_and_Structural,train
Perda_concentrada_P1P4 (17).wav,Base_de_Dados\Perda_concentrada_P1P4\Perda_concentrada_P1P4 (17).wav,Perda_concentrada_P1P4,2,Impulsive_Shocks_and_Structural,train
Perda_concentrada_P1P4 (170).wav,Base_de_Dados\Perda_concentrada_P1P4\Perda_concentrada_P1P4 (170).wav,Perda_concentrada_P1P4,2,Impulsive_Shocks_and_Structural,train
Perda_concentrada_P1P4 (171).wav,Base_de_Dados\Perda_concentrada_P1P4\Perda_concentrada_P1P4 (171).wav,Perda_concentrada_P1P4,2,Impulsive_Shocks_and_Structural,train
Perda_concentrada_P1P4 (172).wav,Base_de_Dados\Perda_concentrada_P1P4\Perda_concentrada_P1P4 (172).wav,Perda_concentrada_P1P4,2,Impulsive_Shocks_and_Structural,train
Perda_concentrada_P1P4 (173).wav,Base_de_Dados\Perda_concentrada_P1P4\Perda_concentrada_P1P4 (173).wav,Perda_concentrada_P1P4,2,Impulsive_Shocks_and_Structural,train
Perda_concentrada_P1P4 (174).wav,Base_de_Dados\Perda_concentrada_P1P4\Perda_concentrada_P1P4 (174).wav,Perda_concentrada_P1P4,2,Impulsive_Shocks_and_Structural,test
Perda_concentrada_P1P4 (175).wav,Base_de_Dados\Perda_concentrada_P1P4\Perda_concentrada_P1P4 (175).wav,Perda_concentrada_P1P4,2,Impulsive_Shocks_and_Structural,test
Perda_concentrada_P1P4 (176).wav,Base_de_Dados\Perda_concentrada_P1P4\Perda_concentrada_P1P4 (176).wav,Perda_concentrada_P1P4,2,Impulsive_Shocks_and_Structural,train
Perda_concentrada_P1P4 (177).wav,Base_de_Dados\Perda_concentrada_P1P4\Perda_concentrada_P1P4 (177).wav,Perda_concentrada_P1P4,2,Impulsive_Shocks_and_Structural,train
Perda_concentrada_P1P4 (178).wav,Base_de_Dados\Perda_concentrada_P1P4\Perda_concentrada_P1P4 (178).wav,Perda_concentrada_P1P4,2,Impulsive_Shocks_and_Structural,train
Perda_concentrada_P1P4 (179).wav,Base_de_Dados\Perda_concentrada_P1P4\Perda_concentrada_P1P4 (179).wav,Perda_concentrada_P1P4,2,Impulsive_Shocks_and_Structural,train
Perda_concentrada_P1P4 (18).wav,Base_de_Dados\Perda_concentrada_P1P4\Perda_concentrada_P1P4 (18).wav,Perda_concentrada_P1P4,2,Impulsive_Shocks_and_Structural,val
Perda_concentrada_P1P4 (19).wav,Base_de_Dados\Perda_concentrada_P1P4\Perda_concentrada_P1P4 (19).wav,Perda_concentrada_P1P4,2,Impulsive_Shocks_and_Structural,train
Perda_concentrada_P1P4 (2).wav,Base_de_Dados\Perda_concentrada_P1P4\Perda_concentrada_P1P4 (2).wav,Perda_concentrada_P1P4,2,Impulsive_Shocks_and_Structural,test
Perda_concentrada_P1P4 (20).wav,Base_de_Dados\Perda_concentrada_P1P4\Perda_concentrada_P1P4 (20).wav,Perda_concentrada_P1P4,2,Impulsive_Shocks_and_Structural,train
Perda_concentrada_P1P4 (21).wav,Base_de_Dados\Perda_concentrada_P1P4\Perda_concentrada_P1P4 (21).wav,Perda_concentrada_P1P4,2,Impulsive_Shocks_and_Structural,test
Perda_concentrada_P1P4 (22).wav,Base_de_Dados\Perda_concentrada_P1P4\Perda_concentrada_P1P4 (22).wav,Perda_concentrada_P1P4,2,Impulsive_Shocks_and_Structural,train
Perda_concentrada_P1P4 (23).wav,Base_de_Dados\Perda_concentrada_P1P4\Perda_concentrada_P1P4 (23).wav,Perda_concentrada_P1P4,2,Impulsive_Shocks_and_Structural,val
Perda_concentrada_P1P4 (24).wav,Base_de_Dados\Perda_concentrada_P1P4\Perda_concentrada_P1P4 (24).wav,Perda_concentrada_P1P4,2,Impulsive_Shocks_and_Structural,test
Perda_concentrada_P1P4 (25).wav,Base_de_Dados\Perda_concentrada_P1P4\Perda_concentrada_P1P4 (25).wav,Perda_concentrada_P1P4,2,Impulsive_Shocks_and_Structural,train
Perda_concentrada_P1P4 (26).wav,Base_de_Dados\Perda_concentrada_P1P4\Perda_concentrada_P1P4 (26).wav,Perda_concentrada_P1P4,2,Impulsive_Shocks_and_Structural,val
Perda_concentrada_P1P4 (27).wav,Base_de_Dados\Perda_concentrada_P1P4\Perda_concentrada_P1P4 (27).wav,Perda_concentrada_P1P4,2,Impulsive_Shocks_and_Structural,train
Perda_concentrada_P1P4 (28).wav,Base_de_Dados\Perda_concentrada_P1P4\Perda_concentrada_P1P4 (28).wav,Perda_concentrada_P1P4,2,Impulsive_Shocks_and_Structural,train
Perda_concentrada_P1P4 (29).wav,Base_de_Dados\Perda_concentrada_P1P4\Perda_concentrada_P1P4 (29).wav,Perda_concentrada_P1P4,2,Impulsive_Shocks_and_Structural,val
Perda_concentrada_P1P4 (3).wav,Base_de_Dados\Perda_concentrada_P1P4\Perda_concentrada_P1P4 (3).wav,Perda_concentrada_P1P4,2,Impulsive_Shocks_and_Structural,train
Perda_concentrada_P1P4 (30).wav,Base_de_Dados\Perda_concentrada_P1P4\Perda_concentrada_P1P4 (30).wav,Perda_concentrada_P1P4,2,Impulsive_Shocks_and_Structural,train
Perda_concentrada_P1P4 (31).wav,Base_de_Dados\Perda_concentrada_P1P4\Perda_concentrada_P1P4 (31).wav,Perda_concentrada_P1P4,2,Impulsive_Shocks_and_Structural,val
Perda_concentrada_P1P4 (32).wav,Base_de_Dados\Perda_concentrada_P1P4\Perda_concentrada_P1P4 (32).wav,Perda_concentrada_P1P4,2,Impulsive_Shocks_and_Structural,train
Perda_concentrada_P1P4 (33).wav,Base_de_Dados\Perda_concentrada_P1P4\Perda_concentrada_P1P4 (33).wav,Perda_concentrada_P1P4,2,Impulsive_Shocks_and_Structural,train
Perda_concentrada_P1P4 (34).wav,Base_de_Dados\Perda_concentrada_P1P4\Perda_concentrada_P1P4 (34).wav,Perda_concentrada_P1P4,2,Impulsive_Shocks_and_Structural,train
Perda_concentrada_P1P4 (35).wav,Base_de_Dados\Perda_concentrada_P1P4\Perda_concentrada_P1P4 (35).wav,Perda_concentrada_P1P4,2,Impulsive_Shocks_and_Structural,test
Perda_concentrada_P1P4 (36).wav,Base_de_Dados\Perda_concentrada_P1P4\Perda_concentrada_P1P4 (36).wav,Perda_concentrada_P1P4,2,Impulsive_Shocks_and_Structural,train
Perda_concentrada_P1P4 (37).wav,Base_de_Dados\Perda_concentrada_P1P4\Perda_concentrada_P1P4 (37).wav,Perda_concentrada_P1P4,2,Impulsive_Shocks_and_Structural,test
Perda_concentrada_P1P4 (38).wav,Base_de_Dados\Perda_concentrada_P1P4\Perda_concentrada_P1P4 (38).wav,Perda_concentrada_P1P4,2,Impulsive_Shocks_and_Structural,train
Perda_concentrada_P1P4 (39).wav,Base_de_Dados\Perda_concentrada_P1P4\Perda_concentrada_P1P4 (39).wav,Perda_concentrada_P1P4,2,Impulsive_Shocks_and_Structural,test
Perda_concentrada_P1P4 (4).wav,Base_de_Dados\Perda_concentrada_P1P4\Perda_concentrada_P1P4 (4).wav,Perda_concentrada_P1P4,2,Impulsive_Shocks_and_Structural,train
Perda_concentrada_P1P4 (40).wav,Base_de_Dados\Perda_concentrada_P1P4\Perda_concentrada_P1P4 (40).wav,Perda_concentrada_P1P4,2,Impulsive_Shocks_and_Structural,val
Perda_concentrada_P1P4 (41).wav,Base_de_Dados\Perda_concentrada_P1P4\Perda_concentrada_P1P4 (41).wav,Perda_concentrada_P1P4,2,Impulsive_Shocks_and_Structural,train
Perda_concentrada_P1P4 (42).wav,Base_de_Dados\Perda_concentrada_P1P4\Perda_concentrada_P1P4 (42).wav,Perda_concentrada_P1P4,2,Impulsive_Shocks_and_Structural,train
Perda_concentrada_P1P4 (43).wav,Base_de_Dados\Perda_concentrada_P1P4\Perda_concentrada_P1P4 (43).wav,Perda_concentrada_P1P4,2,Impulsive_Shocks_and_Structural,test
Perda_concentrada_P1P4 (44).wav,Base_de_Dados\Perda_concentrada_P1P4\Perda_concentrada_P1P4 (44).wav,Perda_concentrada_P1P4,2,Impulsive_Shocks_and_Structural,train
Perda_concentrada_P1P4 (45).wav,Base_de_Dados\Perda_concentrada_P1P4\Perda_concentrada_P1P4 (45).wav,Perda_concentrada_P1P4,2,Impulsive_Shocks_and_Structural,test
Perda_concentrada_P1P4 (46).wav,Base_de_Dados\Perda_concentrada_P1P4\Perda_concentrada_P1P4 (46).wav,Perda_concentrada_P1P4,2,Impulsive_Shocks_and_Structural,train
Perda_concentrada_P1P4 (47).wav,Base_de_Dados\Perda_concentrada_P1P4\Perda_concentrada_P1P4 (47).wav,Perda_concentrada_P1P4,2,Impulsive_Shocks_and_Structural,train
Perda_concentrada_P1P4 (48).wav,Base_de_Dados\Perda_concentrada_P1P4\Perda_concentrada_P1P4 (48).wav,Perda_concentrada_P1P4,2,Impulsive_Shocks_and_Structural,train
Perda_concentrada_P1P4 (49).wav,Base_de_Dados\Perda_concentrada_P1P4\Perda_concentrada_P1P4 (49).wav,Perda_concentrada_P1P4,2,Impulsive_Shocks_and_Structural,test
Perda_concentrada_P1P4 (5).wav,Base_de_Dados\Perda_concentrada_P1P4\Perda_concentrada_P1P4 (5).wav,Perda_concentrada_P1P4,2,Impulsive_Shocks_and_Structural,train
Perda_concentrada_P1P4 (50).wav,Base_de_Dados\Perda_concentrada_P1P4\Perda_concentrada_P1P4 (50).wav,Perda_concentrada_P1P4,2,Impulsive_Shocks_and_Structural,val
Perda_concentrada_P1P4 (51).wav,Base_de_Dados\Perda_concentrada_P1P4\Perda_concentrada_P1P4 (51).wav,Perda_concentrada_P1P4,2,Impulsive_Shocks_and_Structural,val
Perda_concentrada_P1P4 (52).wav,Base_de_Dados\Perda_concentrada_P1P4\Perda_concentrada_P1P4 (52).wav,Perda_concentrada_P1P4,2,Impulsive_Shocks_and_Structural,train
Perda_concentrada_P1P4 (53).wav,Base_de_Dados\Perda_concentrada_P1P4\Perda_concentrada_P1P4 (53).wav,Perda_concentrada_P1P4,2,Impulsive_Shocks_and_Structural,val
Perda_concentrada_P1P4 (54).wav,Base_de_Dados\Perda_concentrada_P1P4\Perda_concentrada_P1P4 (54).wav,Perda_concentrada_P1P4,2,Impulsive_Shocks_and_Structural,val
Perda_concentrada_P1P4 (55).wav,Base_de_Dados\Perda_concentrada_P1P4\Perda_concentrada_P1P4 (55).wav,Perda_concentrada_P1P4,2,Impulsive_Shocks_and_Structural,val
Perda_concentrada_P1P4 (56).wav,Base_de_Dados\Perda_concentrada_P1P4\Perda_concentrada_P1P4 (56).wav,Perda_concentrada_P1P4,2,Impulsive_Shocks_and_Structural,val
Perda_concentrada_P1P4 (57).wav,Base_de_Dados\Perda_concentrada_P1P4\Perda_concentrada_P1P4 (57).wav,Perda_concentrada_P1P4,2,Impulsive_Shocks_and_Structural,test
Perda_concentrada_P1P4 (58).wav,Base_de_Dados\Perda_concentrada_P1P4\Perda_concentrada_P1P4 (58).wav,Perda_concentrada_P1P4,2,Impulsive_Shocks_and_Structural,train
Perda_concentrada_P1P4 (59).wav,Base_de_Dados\Perda_concentrada_P1P4\Perda_concentrada_P1P4 (59).wav,Perda_concentrada_P1P4,2,Impulsive_Shocks_and_Structural,train
Perda_concentrada_P1P4 (6).wav,Base_de_Dados\Perda_concentrada_P1P4\Perda_concentrada_P1P4 (6).wav,Perda_concentrada_P1P4,2,Impulsive_Shocks_and_Structural,test
Perda_concentrada_P1P4 (60).wav,Base_de_Dados\Perda_concentrada_P1P4\Perda_concentrada_P1P4 (60).wav,Perda_concentrada_P1P4,2,Impulsive_Shocks_and_Structural,train
Perda_concentrada_P1P4 (61).wav,Base_de_Dados\Perda_concentrada_P1P4\Perda_concentrada_P1P4 (61).wav,Perda_concentrada_P1P4,2,Impulsive_Shocks_and_Structural,train
Perda_concentrada_P1P4 (62).wav,Base_de_Dados\Perda_concentrada_P1P4\Perda_concentrada_P1P4 (62).wav,Perda_concentrada_P1P4,2,Impulsive_Shocks_and_Structural,train
Perda_concentrada_P1P4 (63).wav,Base_de_Dados\Perda_concentrada_P1P4\Perda_concentrada_P1P4 (63).wav,Perda_concentrada_P1P4,2,Impulsive_Shocks_and_Structural,test
Perda_concentrada_P1P4 (64).wav,Base_de_Dados\Perda_concentrada_P1P4\Perda_concentrada_P1P4 (64).wav,Perda_concentrada_P1P4,2,Impulsive_Shocks_and_Structural,train
Perda_concentrada_P1P4 (65).wav,Base_de_Dados\Perda_concentrada_P1P4\Perda_concentrada_P1P4 (65).wav,Perda_concentrada_P1P4,2,Impulsive_Shocks_and_Structural,test
Perda_concentrada_P1P4 (66).wav,Base_de_Dados\Perda_concentrada_P1P4\Perda_concentrada_P1P4 (66).wav,Perda_concentrada_P1P4,2,Impulsive_Shocks_and_Structural,test
Perda_concentrada_P1P4 (67).wav,Base_de_Dados\Perda_concentrada_P1P4\Perda_concentrada_P1P4 (67).wav,Perda_concentrada_P1P4,2,Impulsive_Shocks_and_Structural,val
Perda_concentrada_P1P4 (68).wav,Base_de_Dados\Perda_concentrada_P1P4\Perda_concentrada_P1P4 (68).wav,Perda_concentrada_P1P4,2,Impulsive_Shocks_and_Structural,train
Perda_concentrada_P1P4 (69).wav,Base_de_Dados\Perda_concentrada_P1P4\Perda_concentrada_P1P4 (69).wav,Perda_concentrada_P1P4,2,Impulsive_Shocks_and_Structural,train
Perda_concentrada_P1P4 (7).wav,Base_de_Dados\Perda_concentrada_P1P4\Perda_concentrada_P1P4 (7).wav,Perda_concentrada_P1P4,2,Impulsive_Shocks_and_Structural,train
Perda_concentrada_P1P4 (70).wav,Base_de_Dados\Perda_concentrada_P1P4\Perda_concentrada_P1P4 (70).wav,Perda_concentrada_P1P4,2,Impulsive_Shocks_and_Structural,test
Perda_concentrada_P1P4 (71).wav,Base_de_Dados\Perda_concentrada_P1P4\Perda_concentrada_P1P4 (71).wav,Perda_concentrada_P1P4,2,Impulsive_Shocks_and_Structural,test
Perda_concentrada_P1P4 (72).wav,Base_de_Dados\Perda_concentrada_P1P4\Perda_concentrada_P1P4 (72).wav,Perda_concentrada_P1P4,2,Impulsive_Shocks_and_Structural,train
Perda_concentrada_P1P4 (73).wav,Base_de_Dados\Perda_concentrada_P1P4\Perda_concentrada_P1P4 (73).wav,Perda_concentrada_P1P4,2,Impulsive_Shocks_and_Structural,val
Perda_concentrada_P1P4 (74).wav,Base_de_Dados\Perda_concentrada_P1P4\Perda_concentrada_P1P4 (74).wav,Perda_concentrada_P1P4,2,Impulsive_Shocks_and_Structural,train
Perda_concentrada_P1P4 (75).wav,Base_de_Dados\Perda_concentrada_P1P4\Perda_concentrada_P1P4 (75).wav,Perda_concentrada_P1P4,2,Impulsive_Shocks_and_Structural,train
Perda_concentrada_P1P4 (76).wav,Base_de_Dados\Perda_concentrada_P1P4\Perda_concentrada_P1P4 (76).wav,Perda_concentrada_P1P4,2,Impulsive_Shocks_and_Structural,test
Perda_concentrada_P1P4 (77).wav,Base_de_Dados\Perda_concentrada_P1P4\Perda_concentrada_P1P4 (77).wav,Perda_concentrada_P1P4,2,Impulsive_Shocks_and_Structural,train
Perda_concentrada_P1P4 (78).wav,Base_de_Dados\Perda_concentrada_P1P4\Perda_concentrada_P1P4 (78).wav,Perda_concentrada_P1P4,2,Impulsive_Shocks_and_Structural,test
Perda_concentrada_P1P4 (79).wav,Base_de_Dados\Perda_concentrada_P1P4\Perda_concentrada_P1P4 (79).wav,Perda_concentrada_P1P4,2,Impulsive_Shocks_and_Structural,val
Perda_concentrada_P1P4 (8).wav,Base_de_Dados\Perda_concentrada_P1P4\Perda_concentrada_P1P4 (8).wav,Perda_concentrada_P1P4,2,Impulsive_Shocks_and_Structural,train
Perda_concentrada_P1P4 (80).wav,Base_de_Dados\Perda_concentrada_P1P4\Perda_concentrada_P1P4 (80).wav,Perda_concentrada_P1P4,2,Impulsive_Shocks_and_Structural,train
Perda_concentrada_P1P4 (81).wav,Base_de_Dados\Perda_concentrada_P1P4\Perda_concentrada_P1P4 (81).wav,Perda_concentrada_P1P4,2,Impulsive_Shocks_and_Structural,train
Perda_concentrada_P1P4 (82).wav,Base_de_Dados\Perda_concentrada_P1P4\Perda_concentrada_P1P4 (82).wav,Perda_concentrada_P1P4,2,Impulsive_Shocks_and_Structural,train
Perda_concentrada_P1P4 (83).wav,Base_de_Dados\Perda_concentrada_P1P4\Perda_concentrada_P1P4 (83).wav,Perda_concentrada_P1P4,2,Impulsive_Shocks_and_Structural,train
Perda_concentrada_P1P4 (84).wav,Base_de_Dados\Perda_concentrada_P1P4\Perda_concentrada_P1P4 (84).wav,Perda_concentrada_P1P4,2,Impulsive_Shocks_and_Structural,test
Perda_concentrada_P1P4 (85).wav,Base_de_Dados\Perda_concentrada_P1P4\Perda_concentrada_P1P4 (85).wav,Perda_concentrada_P1P4,2,Impulsive_Shocks_and_Structural,train
Perda_concentrada_P1P4 (86).wav,Base_de_Dados\Perda_concentrada_P1P4\Perda_concentrada_P1P4 (86).wav,Perda_concentrada_P1P4,2,Impulsive_Shocks_and_Structural,test
Perda_concentrada_P1P4 (87).wav,Base_de_Dados\Perda_concentrada_P1P4\Perda_concentrada_P1P4 (87).wav,Perda_concentrada_P1P4,2,Impulsive_Shocks_and_Structural,train
Perda_concentrada_P1P4 (88).wav,Base_de_Dados\Perda_concentrada_P1P4\Perda_concentrada_P1P4 (88).wav,Perda_concentrada_P1P4,2,Impulsive_Shocks_and_Structural,val
Perda_concentrada_P1P4 (89).wav,Base_de_Dados\Perda_concentrada_P1P4\Perda_concentrada_P1P4 (89).wav,Perda_concentrada_P1P4,2,Impulsive_Shocks_and_Structural,test
Perda_concentrada_P1P4 (9).wav,Base_de_Dados\Perda_concentrada_P1P4\Perda_concentrada_P1P4 (9).wav,Perda_concentrada_P1P4,2,Impulsive_Shocks_and_Structural,train
Perda_concentrada_P1P4 (90).wav,Base_de_Dados\Perda_concentrada_P1P4\Perda_concentrada_P1P4 (90).wav,Perda_concentrada_P1P4,2,Impulsive_Shocks_and_Structural,train
Perda_concentrada_P1P4 (91).wav,Base_de_Dados\Perda_concentrada_P1P4\Perda_concentrada_P1P4 (91).wav,Perda_concentrada_P1P4,2,Impulsive_Shocks_and_Structural,train
Perda_concentrada_P1P4 (92).wav,Base_de_Dados\Perda_concentrada_P1P4\Perda_concentrada_P1P4 (92).wav,Perda_concentrada_P1P4,2,Impulsive_Shocks_and_Structural,train
Perda_concentrada_P1P4 (93).wav,Base_de_Dados\Perda_concentrada_P1P4\Perda_concentrada_P1P4 (93).wav,Perda_concentrada_P1P4,2,Impulsive_Shocks_and_Structural,val
Perda_concentrada_P1P4 (94).wav,Base_de_Dados\Perda_concentrada_P1P4\Perda_concentrada_P1P4 (94).wav,Perda_concentrada_P1P4,2,Impulsive_Shocks_and_Structural,test
Perda_concentrada_P1P4 (95).wav,Base_de_Dados\Perda_concentrada_P1P4\Perda_concentrada_P1P4 (95).wav,Perda_concentrada_P1P4,2,Impulsive_Shocks_and_Structural,val
Perda_concentrada_P1P4 (96).wav,Base_de_Dados\Perda_concentrada_P1P4\Perda_concentrada_P1P4 (96).wav,Perda_concentrada_P1P4,2,Impulsive_Shocks_and_Structural,train
Perda_concentrada_P1P4 (97).wav,Base_de_Dados\Perda_concentrada_P1P4\Perda_concentrada_P1P4 (97).wav,Perda_concentrada_P1P4,2,Impulsive_Shocks_and_Structural,train
Perda_concentrada_P1P4 (98).wav,Base_de_Dados\Perda_concentrada_P1P4\Perda_concentrada_P1P4 (98).wav,Perda_concentrada_P1P4,2,Impulsive_Shocks_and_Structural,val
Perda_concentrada_P1P4 (99).wav,Base_de_Dados\Perda_concentrada_P1P4\Perda_concentrada_P1P4 (99).wav,Perda_concentrada_P1P4,2,Impulsive_Shocks_and_Structural,train
Perda_material (1).wav,Base_de_Dados\Perda_material\Perda_material (1).wav,Perda_material,1,Continuous_Friction_and_Wear,test
Perda_material (10).wav,Base_de_Dados\Perda_material\Perda_material (10).wav,Perda_material,1,Continuous_Friction_and_Wear,train
Perda_material (100).wav,Base_de_Dados\Perda_material\Perda_material (100).wav,Perda_material,1,Continuous_Friction_and_Wear,train
Perda_material (101).wav,Base_de_Dados\Perda_material\Perda_material (101).wav,Perda_material,1,Continuous_Friction_and_Wear,val
Perda_material (102).wav,Base_de_Dados\Perda_material\Perda_material (102).wav,Perda_material,1,Continuous_Friction_and_Wear,val
Perda_material (103).wav,Base_de_Dados\Perda_material\Perda_material (103).wav,Perda_material,1,Continuous_Friction_and_Wear,train
Perda_material (104).wav,Base_de_Dados\Perda_material\Perda_material (104).wav,Perda_material,1,Continuous_Friction_and_Wear,train
Perda_material (105).wav,Base_de_Dados\Perda_material\Perda_material (105).wav,Perda_material,1,Continuous_Friction_and_Wear,train
Perda_material (106).wav,Base_de_Dados\Perda_material\Perda_material (106).wav,Perda_material,1,Continuous_Friction_and_Wear,train
Perda_material (107).wav,Base_de_Dados\Perda_material\Perda_material (107).wav,Perda_material,1,Continuous_Friction_and_Wear,test
Perda_material (108).wav,Base_de_Dados\Perda_material\Perda_material (108).wav,Perda_material,1,Continuous_Friction_and_Wear,val
Perda_material (109).wav,Base_de_Dados\Perda_material\Perda_material (109).wav,Perda_material,1,Continuous_Friction_and_Wear,train
Perda_material (11).wav,Base_de_Dados\Perda_material\Perda_material (11).wav,Perda_material,1,Continuous_Friction_and_Wear,train
Perda_material (110).wav,Base_de_Dados\Perda_material\Perda_material (110).wav,Perda_material,1,Continuous_Friction_and_Wear,test
Perda_material (111).wav,Base_de_Dados\Perda_material\Perda_material (111).wav,Perda_material,1,Continuous_Friction_and_Wear,train
Perda_material (112).wav,Base_de_Dados\Perda_material\Perda_material (112).wav,Perda_material,1,Continuous_Friction_and_Wear,val
Perda_material (113).wav,Base_de_Dados\Perda_material\Perda_material (113).wav,Perda_material,1,Continuous_Friction_and_Wear,train
Perda_material (114).wav,Base_de_Dados\Perda_material\Perda_material (114).wav,Perda_material,1,Continuous_Friction_and_Wear,train
Perda_material (115).wav,Base_de_Dados\Perda_material\Perda_material (115).wav,Perda_material,1,Continuous_Friction_and_Wear,train
Perda_material (116).wav,Base_de_Dados\Perda_material\Perda_material (116).wav,Perda_material,1,Continuous_Friction_and_Wear,train
Perda_material (117).wav,Base_de_Dados\Perda_material\Perda_material (117).wav,Perda_material,1,Continuous_Friction_and_Wear,val
Perda_material (118).wav,Base_de_Dados\Perda_material\Perda_material (118).wav,Perda_material,1,Continuous_Friction_and_Wear,train
Perda_material (119).wav,Base_de_Dados\Perda_material\Perda_material (119).wav,Perda_material,1,Continuous_Friction_and_Wear,train
Perda_material (12).wav,Base_de_Dados\Perda_material\Perda_material (12).wav,Perda_material,1,Continuous_Friction_and_Wear,val
Perda_material (120).wav,Base_de_Dados\Perda_material\Perda_material (120).wav,Perda_material,1,Continuous_Friction_and_Wear,train
Perda_material (121).wav,Base_de_Dados\Perda_material\Perda_material (121).wav,Perda_material,1,Continuous_Friction_and_Wear,test
Perda_material (122).wav,Base_de_Dados\Perda_material\Perda_material (122).wav,Perda_material,1,Continuous_Friction_and_Wear,test
Perda_material (123).wav,Base_de_Dados\Perda_material\Perda_material (123).wav,Perda_material,1,Continuous_Friction_and_Wear,train
Perda_material (124).wav,Base_de_Dados\Perda_material\Perda_material (124).wav,Perda_material,1,Continuous_Friction_and_Wear,test
Perda_material (125).wav,Base_de_Dados\Perda_material\Perda_material (125).wav,Perda_material,1,Continuous_Friction_and_Wear,train
Perda_material (126).wav,Base_de_Dados\Perda_material\Perda_material (126).wav,Perda_material,1,Continuous_Friction_and_Wear,val
Perda_material (127).wav,Base_de_Dados\Perda_material\Perda_material (127).wav,Perda_material,1,Continuous_Friction_and_Wear,train
Perda_material (128).wav,Base_de_Dados\Perda_material\Perda_material (128).wav,Perda_material,1,Continuous_Friction_and_Wear,test
Perda_material (129).wav,Base_de_Dados\Perda_material\Perda_material (129).wav,Perda_material,1,Continuous_Friction_and_Wear,train
Perda_material (13).wav,Base_de_Dados\Perda_material\Perda_material (13).wav,Perda_material,1,Continuous_Friction_and_Wear,test
Perda_material (130).wav,Base_de_Dados\Perda_material\Perda_material (130).wav,Perda_material,1,Continuous_Friction_and_Wear,train
Perda_material (131).wav,Base_de_Dados\Perda_material\Perda_material (131).wav,Perda_material,1,Continuous_Friction_and_Wear,val
Perda_material (132).wav,Base_de_Dados\Perda_material\Perda_material (132).wav,Perda_material,1,Continuous_Friction_and_Wear,val
Perda_material (133).wav,Base_de_Dados\Perda_material\Perda_material (133).wav,Perda_material,1,Continuous_Friction_and_Wear,train
Perda_material (134).wav,Base_de_Dados\Perda_material\Perda_material (134).wav,Perda_material,1,Continuous_Friction_and_Wear,val
Perda_material (135).wav,Base_de_Dados\Perda_material\Perda_material (135).wav,Perda_material,1,Continuous_Friction_and_Wear,train
Perda_material (136).wav,Base_de_Dados\Perda_material\Perda_material (136).wav,Perda_material,1,Continuous_Friction_and_Wear,train
Perda_material (137).wav,Base_de_Dados\Perda_material\Perda_material (137).wav,Perda_material,1,Continuous_Friction_and_Wear,test
Perda_material (138).wav,Base_de_Dados\Perda_material\Perda_material (138).wav,Perda_material,1,Continuous_Friction_and_Wear,val
Perda_material (139).wav,Base_de_Dados\Perda_material\Perda_material (139).wav,Perda_material,1,Continuous_Friction_and_Wear,train
Perda_material (14).wav,Base_de_Dados\Perda_material\Perda_material (14).wav,Perda_material,1,Continuous_Friction_and_Wear,train
Perda_material (140).wav,Base_de_Dados\Perda_material\Perda_material (140).wav,Perda_material,1,Continuous_Friction_and_Wear,train
Perda_material (141).wav,Base_de_Dados\Perda_material\Perda_material (141).wav,Perda_material,1,Continuous_Friction_and_Wear,val
Perda_material (142).wav,Base_de_Dados\Perda_material\Perda_material (142).wav,Perda_material,1,Continuous_Friction_and_Wear,train
Perda_material (143).wav,Base_de_Dados\Perda_material\Perda_material (143).wav,Perda_material,1,Continuous_Friction_and_Wear,test
Perda_material (144).wav,Base_de_Dados\Perda_material\Perda_material (144).wav,Perda_material,1,Continuous_Friction_and_Wear,train
Perda_material (145).wav,Base_de_Dados\Perda_material\Perda_material (145).wav,Perda_material,1,Continuous_Friction_and_Wear,train
Perda_material (146).wav,Base_de_Dados\Perda_material\Perda_material (146).wav,Perda_material,1,Continuous_Friction_and_Wear,train
Perda_material (147).wav,Base_de_Dados\Perda_material\Perda_material (147).wav,Perda_material,1,Continuous_Friction_and_Wear,train
Perda_material (148).wav,Base_de_Dados\Perda_material\Perda_material (148).wav,Perda_material,1,Continuous_Friction_and_Wear,train
Perda_material (149).wav,Base_de_Dados\Perda_material\Perda_material (149).wav,Perda_material,1,Continuous_Friction_and_Wear,train
Perda_material (15).wav,Base_de_Dados\Perda_material\Perda_material (15).wav,Perda_material,1,Continuous_Friction_and_Wear,val
Perda_material (150).wav,Base_de_Dados\Perda_material\Perda_material (150).wav,Perda_material,1,Continuous_Friction_and_Wear,train
Perda_material (151).wav,Base_de_Dados\Perda_material\Perda_material (151).wav,Perda_material,1,Continuous_Friction_and_Wear,train
Perda_material (152).wav,Base_de_Dados\Perda_material\Perda_material (152).wav,Perda_material,1,Continuous_Friction_and_Wear,train
Perda_material (153).wav,Base_de_Dados\Perda_material\Perda_material (153).wav,Perda_material,1,Continuous_Friction_and_Wear,train
Perda_material (154).wav,Base_de_Dados\Perda_material\Perda_material (154).wav,Perda_material,1,Continuous_Friction_and_Wear,train
Perda_material (155).wav,Base_de_Dados\Perda_material\Perda_material (155).wav,Perda_material,1,Continuous_Friction_and_Wear,val
Perda_material (156).wav,Base_de_Dados\Perda_material\Perda_material (156).wav,Perda_material,1,Continuous_Friction_and_Wear,train
Perda_material (157).wav,Base_de_Dados\Perda_material\Perda_material (157).wav,Perda_material,1,Continuous_Friction_and_Wear,train
Perda_material (158).wav,Base_de_Dados\Perda_material\Perda_material (158).wav,Perda_material,1,Continuous_Friction_and_Wear,val
Perda_material (159).wav,Base_de_Dados\Perda_material\Perda_material (159).wav,Perda_material,1,Continuous_Friction_and_Wear,train
Perda_material (16).wav,Base_de_Dados\Perda_material\Perda_material (16).wav,Perda_material,1,Continuous_Friction_and_Wear,train
Perda_material (160).wav,Base_de_Dados\Perda_material\Perda_material (160).wav,Perda_material,1,Continuous_Friction_and_Wear,train
Perda_material (161).wav,Base_de_Dados\Perda_material\Perda_material (161).wav,Perda_material,1,Continuous_Friction_and_Wear,test
Perda_material (162).wav,Base_de_Dados\Perda_material\Perda_material (162).wav,Perda_material,1,Continuous_Friction_and_Wear,train
Perda_material (163).wav,Base_de_Dados\Perda_material\Perda_material (163).wav,Perda_material,1,Continuous_Friction_and_Wear,test
Perda_material (164).wav,Base_de_Dados\Perda_material\Perda_material (164).wav,Perda_material,1,Continuous_Friction_and_Wear,train
Perda_material (165).wav,Base_de_Dados\Perda_material\Perda_material (165).wav,Perda_material,1,Continuous_Friction_and_Wear,train
Perda_material (166).wav,Base_de_Dados\Perda_material\Perda_material (166).wav,Perda_material,1,Continuous_Friction_and_Wear,train
Perda_material (167).wav,Base_de_Dados\Perda_material\Perda_material (167).wav,Perda_material,1,Continuous_Friction_and_Wear,train
Perda_material (168).wav,Base_de_Dados\Perda_material\Perda_material (168).wav,Perda_material,1,Continuous_Friction_and_Wear,train
Perda_material (169).wav,Base_de_Dados\Perda_material\Perda_material (169).wav,Perda_material,1,Continuous_Friction_and_Wear,train
Perda_material (17).wav,Base_de_Dados\Perda_material\Perda_material (17).wav,Perda_material,1,Continuous_Friction_and_Wear,val
Perda_material (170).wav,Base_de_Dados\Perda_material\Perda_material (170).wav,Perda_material,1,Continuous_Friction_and_Wear,val
Perda_material (171).wav,Base_de_Dados\Perda_material\Perda_material (171).wav,Perda_material,1,Continuous_Friction_and_Wear,train
Perda_material (172).wav,Base_de_Dados\Perda_material\Perda_material (172).wav,Perda_material,1,Continuous_Friction_and_Wear,val
Perda_material (173).wav,Base_de_Dados\Perda_material\Perda_material (173).wav,Perda_material,1,Continuous_Friction_and_Wear,val
Perda_material (174).wav,Base_de_Dados\Perda_material\Perda_material (174).wav,Perda_material,1,Continuous_Friction_and_Wear,val
Perda_material (175).wav,Base_de_Dados\Perda_material\Perda_material (175).wav,Perda_material,1,Continuous_Friction_and_Wear,train
Perda_material (176).wav,Base_de_Dados\Perda_material\Perda_material (176).wav,Perda_material,1,Continuous_Friction_and_Wear,train
Perda_material (177).wav,Base_de_Dados\Perda_material\Perda_material (177).wav,Perda_material,1,Continuous_Friction_and_Wear,test
Perda_material (178).wav,Base_de_Dados\Perda_material\Perda_material (178).wav,Perda_material,1,Continuous_Friction_and_Wear,test
Perda_material (179).wav,Base_de_Dados\Perda_material\Perda_material (179).wav,Perda_material,1,Continuous_Friction_and_Wear,test
Perda_material (18).wav,Base_de_Dados\Perda_material\Perda_material (18).wav,Perda_material,1,Continuous_Friction_and_Wear,train
Perda_material (19).wav,Base_de_Dados\Perda_material\Perda_material (19).wav,Perda_material,1,Continuous_Friction_and_Wear,test
Perda_material (2).wav,Base_de_Dados\Perda_material\Perda_material (2).wav,Perda_material,1,Continuous_Friction_and_Wear,train
Perda_material (20).wav,Base_de_Dados\Perda_material\Perda_material (20).wav,Perda_material,1,Continuous_Friction_and_Wear,train
Perda_material (21).wav,Base_de_Dados\Perda_material\Perda_material (21).wav,Perda_material,1,Continuous_Friction_and_Wear,train
Perda_material (22).wav,Base_de_Dados\Perda_material\Perda_material (22).wav,Perda_material,1,Continuous_Friction_and_Wear,train
Perda_material (23).wav,Base_de_Dados\Perda_material\Perda_material (23).wav,Perda_material,1,Continuous_Friction_and_Wear,train
Perda_material (24).wav,Base_de_Dados\Perda_material\Perda_material (24).wav,Perda_material,1,Continuous_Friction_and_Wear,train
Perda_material (25).wav,Base_de_Dados\Perda_material\Perda_material (25).wav,Perda_material,1,Continuous_Friction_and_Wear,train
Perda_material (26).wav,Base_de_Dados\Perda_material\Perda_material (26).wav,Perda_material,1,Continuous_Friction_and_Wear,train
Perda_material (27).wav,Base_de_Dados\Perda_material\Perda_material (27).wav,Perda_material,1,Continuous_Friction_and_Wear,train
Perda_material (28).wav,Base_de_Dados\Perda_material\Perda_material (28).wav,Perda_material,1,Continuous_Friction_and_Wear,train
Perda_material (29).wav,Base_de_Dados\Perda_material\Perda_material (29).wav,Perda_material,1,Continuous_Friction_and_Wear,test
Perda_material (3).wav,Base_de_Dados\Perda_material\Perda_material (3).wav,Perda_material,1,Continuous_Friction_and_Wear,test
Perda_material (30).wav,Base_de_Dados\Perda_material\Perda_material (30).wav,Perda_material,1,Continuous_Friction_and_Wear,test
Perda_material (31).wav,Base_de_Dados\Perda_material\Perda_material (31).wav,Perda_material,1,Continuous_Friction_and_Wear,test
Perda_material (32).wav,Base_de_Dados\Perda_material\Perda_material (32).wav,Perda_material,1,Continuous_Friction_and_Wear,train
Perda_material (33).wav,Base_de_Dados\Perda_material\Perda_material (33).wav,Perda_material,1,Continuous_Friction_and_Wear,train
Perda_material (34).wav,Base_de_Dados\Perda_material\Perda_material (34).wav,Perda_material,1,Continuous_Friction_and_Wear,val
Perda_material (35).wav,Base_de_Dados\Perda_material\Perda_material (35).wav,Perda_material,1,Continuous_Friction_and_Wear,train
Perda_material (36).wav,Base_de_Dados\Perda_material\Perda_material (36).wav,Perda_material,1,Continuous_Friction_and_Wear,train
Perda_material (37).wav,Base_de_Dados\Perda_material\Perda_material (37).wav,Perda_material,1,Continuous_Friction_and_Wear,train
Perda_material (38).wav,Base_de_Dados\Perda_material\Perda_material (38).wav,Perda_material,1,Continuous_Friction_and_Wear,test
Perda_material (39).wav,Base_de_Dados\Perda_material\Perda_material (39).wav,Perda_material,1,Continuous_Friction_and_Wear,train
Perda_material (4).wav,Base_de_Dados\Perda_material\Perda_material (4).wav,Perda_material,1,Continuous_Friction_and_Wear,train
Perda_material (40).wav,Base_de_Dados\Perda_material\Perda_material (40).wav,Perda_material,1,Continuous_Friction_and_Wear,test
Perda_material (41).wav,Base_de_Dados\Perda_material\Perda_material (41).wav,Perda_material,1,Continuous_Friction_and_Wear,train
Perda_material (42).wav,Base_de_Dados\Perda_material\Perda_material (42).wav,Perda_material,1,Continuous_Friction_and_Wear,val
Perda_material (43).wav,Base_de_Dados\Perda_material\Perda_material (43).wav,Perda_material,1,Continuous_Friction_and_Wear,train
Perda_material (44).wav,Base_de_Dados\Perda_material\Perda_material (44).wav,Perda_material,1,Continuous_Friction_and_Wear,val
Perda_material (45).wav,Base_de_Dados\Perda_material\Perda_material (45).wav,Perda_material,1,Continuous_Friction_and_Wear,train
Perda_material (46).wav,Base_de_Dados\Perda_material\Perda_material (46).wav,Perda_material,1,Continuous_Friction_and_Wear,train
Perda_material (47).wav,Base_de_Dados\Perda_material\Perda_material (47).wav,Perda_material,1,Continuous_Friction_and_Wear,test
Perda_material (48).wav,Base_de_Dados\Perda_material\Perda_material (48).wav,Perda_material,1,Continuous_Friction_and_Wear,test
Perda_material (49).wav,Base_de_Dados\Perda_material\Perda_material (49).wav,Perda_material,1,Continuous_Friction_and_Wear,train
Perda_material (5).wav,Base_de_Dados\Perda_material\Perda_material (5).wav,Perda_material,1,Continuous_Friction_and_Wear,train
Perda_material (50).wav,Base_de_Dados\Perda_material\Perda_material (50).wav,Perda_material,1,Continuous_Friction_and_Wear,test
Perda_material (51).wav,Base_de_Dados\Perda_material\Perda_material (51).wav,Perda_material,1,Continuous_Friction_and_Wear,test
Perda_material (52).wav,Base_de_Dados\Perda_material\Perda_material (52).wav,Perda_material,1,Continuous_Friction_and_Wear,train
Perda_material (53).wav,Base_de_Dados\Perda_material\Perda_material (53).wav,Perda_material,1,Continuous_Friction_and_Wear,val
Perda_material (54).wav,Base_de_Dados\Perda_material\Perda_material (54).wav,Perda_material,1,Continuous_Friction_and_Wear,train
Perda_material (55).wav,Base_de_Dados\Perda_material\Perda_material (55).wav,Perda_material,1,Continuous_Friction_and_Wear,val
Perda_material (56).wav,Base_de_Dados\Perda_material\Perda_material (56).wav,Perda_material,1,Continuous_Friction_and_Wear,train
Perda_material (57).wav,Base_de_Dados\Perda_material\Perda_material (57).wav,Perda_material,1,Continuous_Friction_and_Wear,test
Perda_material (58).wav,Base_de_Dados\Perda_material\Perda_material (58).wav,Perda_material,1,Continuous_Friction_and_Wear,train
Perda_material (59).wav,Base_de_Dados\Perda_material\Perda_material (59).wav,Perda_material,1,Continuous_Friction_and_Wear,train
Perda_material (6).wav,Base_de_Dados\Perda_material\Perda_material (6).wav,Perda_material,1,Continuous_Friction_and_Wear,test
Perda_material (60).wav,Base_de_Dados\Perda_material\Perda_material (60).wav,Perda_material,1,Continuous_Friction_and_Wear,train
Perda_material (61).wav,Base_de_Dados\Perda_material\Perda_material (61).wav,Perda_material,1,Continuous_Friction_and_Wear,train
Perda_material (62).wav,Base_de_Dados\Perda_material\Perda_material (62).wav,Perda_material,1,Continuous_Friction_and_Wear,train
Perda_material (63).wav,Base_de_Dados\Perda_material\Perda_material (63).wav,Perda_material,1,Continuous_Friction_and_Wear,val
Perda_material (64).wav,Base_de_Dados\Perda_material\Perda_material (64).wav,Perda_material,1,Continuous_Friction_and_Wear,train
Perda_material (65).wav,Base_de_Dados\Perda_material\Perda_material (65).wav,Perda_material,1,Continuous_Friction_and_Wear,train
Perda_material (66).wav,Base_de_Dados\Perda_material\Perda_material (66).wav,Perda_material,1,Continuous_Friction_and_Wear,train
Perda_material (67).wav,Base_de_Dados\Perda_material\Perda_material (67).wav,Perda_material,1,Continuous_Friction_and_Wear,test
Perda_material (68).wav,Base_de_Dados\Perda_material\Perda_material (68).wav,Perda_material,1,Continuous_Friction_and_Wear,test
Perda_material (69).wav,Base_de_Dados\Perda_material\Perda_material (69).wav,Perda_material,1,Continuous_Friction_and_Wear,train
Perda_material (7).wav,Base_de_Dados\Perda_material\Perda_material (7).wav,Perda_material,1,Continuous_Friction_and_Wear,test
Perda_material (70).wav,Base_de_Dados\Perda_material\Perda_material (70).wav,Perda_material,1,Continuous_Friction_and_Wear,test
Perda_material (71).wav,Base_de_Dados\Perda_material\Perda_material (71).wav,Perda_material,1,Continuous_Friction_and_Wear,test
Perda_material (72).wav,Base_de_Dados\Perda_material\Perda_material (72).wav,Perda_material,1,Continuous_Friction_and_Wear,train
Perda_material (73).wav,Base_de_Dados\Perda_material\Perda_material (73).wav,Perda_material,1,Continuous_Friction_and_Wear,test
Perda_material (74).wav,Base_de_Dados\Perda_material\Perda_material (74).wav,Perda_material,1,Continuous_Friction_and_Wear,train
Perda_material (75).wav,Base_de_Dados\Perda_material\Perda_material (75).wav,Perda_material,1,Continuous_Friction_and_Wear,val
Perda_material (76).wav,Base_de_Dados\Perda_material\Perda_material (76).wav,Perda_material,1,Continuous_Friction_and_Wear,train
Perda_material (77).wav,Base_de_Dados\Perda_material\Perda_material (77).wav,Perda_material,1,Continuous_Friction_and_Wear,train
Perda_material (78).wav,Base_de_Dados\Perda_material\Perda_material (78).wav,Perda_material,1,Continuous_Friction_and_Wear,train
Perda_material (79).wav,Base_de_Dados\Perda_material\Perda_material (79).wav,Perda_material,1,Continuous_Friction_and_Wear,val
Perda_material (8).wav,Base_de_Dados\Perda_material\Perda_material (8).wav,Perda_material,1,Continuous_Friction_and_Wear,val
Perda_material (80).wav,Base_de_Dados\Perda_material\Perda_material (80).wav,Perda_material,1,Continuous_Friction_and_Wear,train
Perda_material (81).wav,Base_de_Dados\Perda_material\Perda_material (81).wav,Perda_material,1,Continuous_Friction_and_Wear,val
Perda_material (82).wav,Base_de_Dados\Perda_material\Perda_material (82).wav,Perda_material,1,Continuous_Friction_and_Wear,train
Perda_material (83).wav,Base_de_Dados\Perda_material\Perda_material (83).wav,Perda_material,1,Continuous_Friction_and_Wear,test
Perda_material (84).wav,Base_de_Dados\Perda_material\Perda_material (84).wav,Perda_material,1,Continuous_Friction_and_Wear,test
Perda_material (85).wav,Base_de_Dados\Perda_material\Perda_material (85).wav,Perda_material,1,Continuous_Friction_and_Wear,val
Perda_material (86).wav,Base_de_Dados\Perda_material\Perda_material (86).wav,Perda_material,1,Continuous_Friction_and_Wear,train
Perda_material (87).wav,Base_de_Dados\Perda_material\Perda_material (87).wav,Perda_material,1,Continuous_Friction_and_Wear,train
Perda_material (88).wav,Base_de_Dados\Perda_material\Perda_material (88).wav,Perda_material,1,Continuous_Friction_and_Wear,train
Perda_material (89).wav,Base_de_Dados\Perda_material\Perda_material (89).wav,Perda_material,1,Continuous_Friction_and_Wear,train
Perda_material (9).wav,Base_de_Dados\Perda_material\Perda_material (9).wav,Perda_material,1,Continuous_Friction_and_Wear,test
Perda_material (90).wav,Base_de_Dados\Perda_material\Perda_material (90).wav,Perda_material,1,Continuous_Friction_and_Wear,train
Perda_material (91).wav,Base_de_Dados\Perda_material\Perda_material (91).wav,Perda_material,1,Continuous_Friction_and_Wear,train
Perda_material (92).wav,Base_de_Dados\Perda_material\Perda_material (92).wav,Perda_material,1,Continuous_Friction_and_Wear,train
Perda_material (93).wav,Base_de_Dados\Perda_material\Perda_material (93).wav,Perda_material,1,Continuous_Friction_and_Wear,test
Perda_material (94).wav,Base_de_Dados\Perda_material\Perda_material (94).wav,Perda_material,1,Continuous_Friction_and_Wear,train
Perda_material (95).wav,Base_de_Dados\Perda_material\Perda_material (95).wav,Perda_material,1,Continuous_Friction_and_Wear,train
Perda_material (96).wav,Base_de_Dados\Perda_material\Perda_material (96).wav,Perda_material,1,Continuous_Friction_and_Wear,train
Perda_material (97).wav,Base_de_Dados\Perda_material\Perda_material (97).wav,Perda_material,1,Continuous_Friction_and_Wear,val
Perda_material (98).wav,Base_de_Dados\Perda_material\Perda_material (98).wav,Perda_material,1,Continuous_Friction_and_Wear,val
Perda_material (99).wav,Base_de_Dados\Perda_material\Perda_material (99).wav,Perda_material,1,Continuous_Friction_and_Wear,val
Perda_material_P1 (1).wav,Base_de_Dados\Perda_material_P1\Perda_material_P1 (1).wav,Perda_material_P1,1,Continuous_Friction_and_Wear,train
Perda_material_P1 (10).wav,Base_de_Dados\Perda_material_P1\Perda_material_P1 (10).wav,Perda_material_P1,1,Continuous_Friction_and_Wear,train
Perda_material_P1 (100).wav,Base_de_Dados\Perda_material_P1\Perda_material_P1 (100).wav,Perda_material_P1,1,Continuous_Friction_and_Wear,train
Perda_material_P1 (101).wav,Base_de_Dados\Perda_material_P1\Perda_material_P1 (101).wav,Perda_material_P1,1,Continuous_Friction_and_Wear,test
Perda_material_P1 (102).wav,Base_de_Dados\Perda_material_P1\Perda_material_P1 (102).wav,Perda_material_P1,1,Continuous_Friction_and_Wear,val
Perda_material_P1 (103).wav,Base_de_Dados\Perda_material_P1\Perda_material_P1 (103).wav,Perda_material_P1,1,Continuous_Friction_and_Wear,train
Perda_material_P1 (104).wav,Base_de_Dados\Perda_material_P1\Perda_material_P1 (104).wav,Perda_material_P1,1,Continuous_Friction_and_Wear,train
Perda_material_P1 (105).wav,Base_de_Dados\Perda_material_P1\Perda_material_P1 (105).wav,Perda_material_P1,1,Continuous_Friction_and_Wear,train
Perda_material_P1 (106).wav,Base_de_Dados\Perda_material_P1\Perda_material_P1 (106).wav,Perda_material_P1,1,Continuous_Friction_and_Wear,train
Perda_material_P1 (107).wav,Base_de_Dados\Perda_material_P1\Perda_material_P1 (107).wav,Perda_material_P1,1,Continuous_Friction_and_Wear,train
Perda_material_P1 (108).wav,Base_de_Dados\Perda_material_P1\Perda_material_P1 (108).wav,Perda_material_P1,1,Continuous_Friction_and_Wear,val
Perda_material_P1 (109).wav,Base_de_Dados\Perda_material_P1\Perda_material_P1 (109).wav,Perda_material_P1,1,Continuous_Friction_and_Wear,train
Perda_material_P1 (11).wav,Base_de_Dados\Perda_material_P1\Perda_material_P1 (11).wav,Perda_material_P1,1,Continuous_Friction_and_Wear,train
Perda_material_P1 (110).wav,Base_de_Dados\Perda_material_P1\Perda_material_P1 (110).wav,Perda_material_P1,1,Continuous_Friction_and_Wear,test
Perda_material_P1 (111).wav,Base_de_Dados\Perda_material_P1\Perda_material_P1 (111).wav,Perda_material_P1,1,Continuous_Friction_and_Wear,val
Perda_material_P1 (112).wav,Base_de_Dados\Perda_material_P1\Perda_material_P1 (112).wav,Perda_material_P1,1,Continuous_Friction_and_Wear,train
Perda_material_P1 (113).wav,Base_de_Dados\Perda_material_P1\Perda_material_P1 (113).wav,Perda_material_P1,1,Continuous_Friction_and_Wear,train
Perda_material_P1 (114).wav,Base_de_Dados\Perda_material_P1\Perda_material_P1 (114).wav,Perda_material_P1,1,Continuous_Friction_and_Wear,train
Perda_material_P1 (115).wav,Base_de_Dados\Perda_material_P1\Perda_material_P1 (115).wav,Perda_material_P1,1,Continuous_Friction_and_Wear,test
Perda_material_P1 (116).wav,Base_de_Dados\Perda_material_P1\Perda_material_P1 (116).wav,Perda_material_P1,1,Continuous_Friction_and_Wear,train
Perda_material_P1 (117).wav,Base_de_Dados\Perda_material_P1\Perda_material_P1 (117).wav,Perda_material_P1,1,Continuous_Friction_and_Wear,train
Perda_material_P1 (118).wav,Base_de_Dados\Perda_material_P1\Perda_material_P1 (118).wav,Perda_material_P1,1,Continuous_Friction_and_Wear,train
Perda_material_P1 (119).wav,Base_de_Dados\Perda_material_P1\Perda_material_P1 (119).wav,Perda_material_P1,1,Continuous_Friction_and_Wear,val
Perda_material_P1 (12).wav,Base_de_Dados\Perda_material_P1\Perda_material_P1 (12).wav,Perda_material_P1,1,Continuous_Friction_and_Wear,train
Perda_material_P1 (120).wav,Base_de_Dados\Perda_material_P1\Perda_material_P1 (120).wav,Perda_material_P1,1,Continuous_Friction_and_Wear,val
Perda_material_P1 (121).wav,Base_de_Dados\Perda_material_P1\Perda_material_P1 (121).wav,Perda_material_P1,1,Continuous_Friction_and_Wear,val
Perda_material_P1 (122).wav,Base_de_Dados\Perda_material_P1\Perda_material_P1 (122).wav,Perda_material_P1,1,Continuous_Friction_and_Wear,train
Perda_material_P1 (123).wav,Base_de_Dados\Perda_material_P1\Perda_material_P1 (123).wav,Perda_material_P1,1,Continuous_Friction_and_Wear,train
Perda_material_P1 (124).wav,Base_de_Dados\Perda_material_P1\Perda_material_P1 (124).wav,Perda_material_P1,1,Continuous_Friction_and_Wear,test
Perda_material_P1 (125).wav,Base_de_Dados\Perda_material_P1\Perda_material_P1 (125).wav,Perda_material_P1,1,Continuous_Friction_and_Wear,train
Perda_material_P1 (126).wav,Base_de_Dados\Perda_material_P1\Perda_material_P1 (126).wav,Perda_material_P1,1,Continuous_Friction_and_Wear,train
Perda_material_P1 (127).wav,Base_de_Dados\Perda_material_P1\Perda_material_P1 (127).wav,Perda_material_P1,1,Continuous_Friction_and_Wear,val
Perda_material_P1 (128).wav,Base_de_Dados\Perda_material_P1\Perda_material_P1 (128).wav,Perda_material_P1,1,Continuous_Friction_and_Wear,train
Perda_material_P1 (129).wav,Base_de_Dados\Perda_material_P1\Perda_material_P1 (129).wav,Perda_material_P1,1,Continuous_Friction_and_Wear,test
Perda_material_P1 (13).wav,Base_de_Dados\Perda_material_P1\Perda_material_P1 (13).wav,Perda_material_P1,1,Continuous_Friction_and_Wear,train
Perda_material_P1 (130).wav,Base_de_Dados\Perda_material_P1\Perda_material_P1 (130).wav,Perda_material_P1,1,Continuous_Friction_and_Wear,test
Perda_material_P1 (131).wav,Base_de_Dados\Perda_material_P1\Perda_material_P1 (131).wav,Perda_material_P1,1,Continuous_Friction_and_Wear,val
Perda_material_P1 (132).wav,Base_de_Dados\Perda_material_P1\Perda_material_P1 (132).wav,Perda_material_P1,1,Continuous_Friction_and_Wear,train
Perda_material_P1 (133).wav,Base_de_Dados\Perda_material_P1\Perda_material_P1 (133).wav,Perda_material_P1,1,Continuous_Friction_and_Wear,train
Perda_material_P1 (134).wav,Base_de_Dados\Perda_material_P1\Perda_material_P1 (134).wav,Perda_material_P1,1,Continuous_Friction_and_Wear,train
Perda_material_P1 (135).wav,Base_de_Dados\Perda_material_P1\Perda_material_P1 (135).wav,Perda_material_P1,1,Continuous_Friction_and_Wear,val
Perda_material_P1 (136).wav,Base_de_Dados\Perda_material_P1\Perda_material_P1 (136).wav,Perda_material_P1,1,Continuous_Friction_and_Wear,train
Perda_material_P1 (137).wav,Base_de_Dados\Perda_material_P1\Perda_material_P1 (137).wav,Perda_material_P1,1,Continuous_Friction_and_Wear,test
Perda_material_P1 (138).wav,Base_de_Dados\Perda_material_P1\Perda_material_P1 (138).wav,Perda_material_P1,1,Continuous_Friction_and_Wear,train
Perda_material_P1 (139).wav,Base_de_Dados\Perda_material_P1\Perda_material_P1 (139).wav,Perda_material_P1,1,Continuous_Friction_and_Wear,train
Perda_material_P1 (14).wav,Base_de_Dados\Perda_material_P1\Perda_material_P1 (14).wav,Perda_material_P1,1,Continuous_Friction_and_Wear,train
Perda_material_P1 (140).wav,Base_de_Dados\Perda_material_P1\Perda_material_P1 (140).wav,Perda_material_P1,1,Continuous_Friction_and_Wear,train
Perda_material_P1 (141).wav,Base_de_Dados\Perda_material_P1\Perda_material_P1 (141).wav,Perda_material_P1,1,Continuous_Friction_and_Wear,test
Perda_material_P1 (142).wav,Base_de_Dados\Perda_material_P1\Perda_material_P1 (142).wav,Perda_material_P1,1,Continuous_Friction_and_Wear,train
Perda_material_P1 (143).wav,Base_de_Dados\Perda_material_P1\Perda_material_P1 (143).wav,Perda_material_P1,1,Continuous_Friction_and_Wear,train
Perda_material_P1 (144).wav,Base_de_Dados\Perda_material_P1\Perda_material_P1 (144).wav,Perda_material_P1,1,Continuous_Friction_and_Wear,test
Perda_material_P1 (145).wav,Base_de_Dados\Perda_material_P1\Perda_material_P1 (145).wav,Perda_material_P1,1,Continuous_Friction_and_Wear,train
Perda_material_P1 (146).wav,Base_de_Dados\Perda_material_P1\Perda_material_P1 (146).wav,Perda_material_P1,1,Continuous_Friction_and_Wear,val
Perda_material_P1 (147).wav,Base_de_Dados\Perda_material_P1\Perda_material_P1 (147).wav,Perda_material_P1,1,Continuous_Friction_and_Wear,train
Perda_material_P1 (148).wav,Base_de_Dados\Perda_material_P1\Perda_material_P1 (148).wav,Perda_material_P1,1,Continuous_Friction_and_Wear,train
Perda_material_P1 (149).wav,Base_de_Dados\Perda_material_P1\Perda_material_P1 (149).wav,Perda_material_P1,1,Continuous_Friction_and_Wear,train
Perda_material_P1 (15).wav,Base_de_Dados\Perda_material_P1\Perda_material_P1 (15).wav,Perda_material_P1,1,Continuous_Friction_and_Wear,train
Perda_material_P1 (150).wav,Base_de_Dados\Perda_material_P1\Perda_material_P1 (150).wav,Perda_material_P1,1,Continuous_Friction_and_Wear,train
Perda_material_P1 (151).wav,Base_de_Dados\Perda_material_P1\Perda_material_P1 (151).wav,Perda_material_P1,1,Continuous_Friction_and_Wear,train
Perda_material_P1 (152).wav,Base_de_Dados\Perda_material_P1\Perda_material_P1 (152).wav,Perda_material_P1,1,Continuous_Friction_and_Wear,test
Perda_material_P1 (153).wav,Base_de_Dados\Perda_material_P1\Perda_material_P1 (153).wav,Perda_material_P1,1,Continuous_Friction_and_Wear,train
Perda_material_P1 (154).wav,Base_de_Dados\Perda_material_P1\Perda_material_P1 (154).wav,Perda_material_P1,1,Continuous_Friction_and_Wear,val
Perda_material_P1 (155).wav,Base_de_Dados\Perda_material_P1\Perda_material_P1 (155).wav,Perda_material_P1,1,Continuous_Friction_and_Wear,train
Perda_material_P1 (156).wav,Base_de_Dados\Perda_material_P1\Perda_material_P1 (156).wav,Perda_material_P1,1,Continuous_Friction_and_Wear,train
Perda_material_P1 (157).wav,Base_de_Dados\Perda_material_P1\Perda_material_P1 (157).wav,Perda_material_P1,1,Continuous_Friction_and_Wear,train
Perda_material_P1 (158).wav,Base_de_Dados\Perda_material_P1\Perda_material_P1 (158).wav,Perda_material_P1,1,Continuous_Friction_and_Wear,train
Perda_material_P1 (159).wav,Base_de_Dados\Perda_material_P1\Perda_material_P1 (159).wav,Perda_material_P1,1,Continuous_Friction_and_Wear,train
Perda_material_P1 (16).wav,Base_de_Dados\Perda_material_P1\Perda_material_P1 (16).wav,Perda_material_P1,1,Continuous_Friction_and_Wear,train
Perda_material_P1 (160).wav,Base_de_Dados\Perda_material_P1\Perda_material_P1 (160).wav,Perda_material_P1,1,Continuous_Friction_and_Wear,test
Perda_material_P1 (161).wav,Base_de_Dados\Perda_material_P1\Perda_material_P1 (161).wav,Perda_material_P1,1,Continuous_Friction_and_Wear,train
Perda_material_P1 (162).wav,Base_de_Dados\Perda_material_P1\Perda_material_P1 (162).wav,Perda_material_P1,1,Continuous_Friction_and_Wear,train
Perda_material_P1 (163).wav,Base_de_Dados\Perda_material_P1\Perda_material_P1 (163).wav,Perda_material_P1,1,Continuous_Friction_and_Wear,train
Perda_material_P1 (164).wav,Base_de_Dados\Perda_material_P1\Perda_material_P1 (164).wav,Perda_material_P1,1,Continuous_Friction_and_Wear,train
Perda_material_P1 (165).wav,Base_de_Dados\Perda_material_P1\Perda_material_P1 (165).wav,Perda_material_P1,1,Continuous_Friction_and_Wear,train
Perda_material_P1 (166).wav,Base_de_Dados\Perda_material_P1\Perda_material_P1 (166).wav,Perda_material_P1,1,Continuous_Friction_and_Wear,train
Perda_material_P1 (167).wav,Base_de_Dados\Perda_material_P1\Perda_material_P1 (167).wav,Perda_material_P1,1,Continuous_Friction_and_Wear,test
Perda_material_P1 (168).wav,Base_de_Dados\Perda_material_P1\Perda_material_P1 (168).wav,Perda_material_P1,1,Continuous_Friction_and_Wear,test
Perda_material_P1 (169).wav,Base_de_Dados\Perda_material_P1\Perda_material_P1 (169).wav,Perda_material_P1,1,Continuous_Friction_and_Wear,train
Perda_material_P1 (17).wav,Base_de_Dados\Perda_material_P1\Perda_material_P1 (17).wav,Perda_material_P1,1,Continuous_Friction_and_Wear,train
Perda_material_P1 (170).wav,Base_de_Dados\Perda_material_P1\Perda_material_P1 (170).wav,Perda_material_P1,1,Continuous_Friction_and_Wear,train
Perda_material_P1 (171).wav,Base_de_Dados\Perda_material_P1\Perda_material_P1 (171).wav,Perda_material_P1,1,Continuous_Friction_and_Wear,train
Perda_material_P1 (172).wav,Base_de_Dados\Perda_material_P1\Perda_material_P1 (172).wav,Perda_material_P1,1,Continuous_Friction_and_Wear,test
Perda_material_P1 (173).wav,Base_de_Dados\Perda_material_P1\Perda_material_P1 (173).wav,Perda_material_P1,1,Continuous_Friction_and_Wear,train
Perda_material_P1 (174).wav,Base_de_Dados\Perda_material_P1\Perda_material_P1 (174).wav,Perda_material_P1,1,Continuous_Friction_and_Wear,train
Perda_material_P1 (175).wav,Base_de_Dados\Perda_material_P1\Perda_material_P1 (175).wav,Perda_material_P1,1,Continuous_Friction_and_Wear,test
Perda_material_P1 (176).wav,Base_de_Dados\Perda_material_P1\Perda_material_P1 (176).wav,Perda_material_P1,1,Continuous_Friction_and_Wear,train
Perda_material_P1 (177).wav,Base_de_Dados\Perda_material_P1\Perda_material_P1 (177).wav,Perda_material_P1,1,Continuous_Friction_and_Wear,train
Perda_material_P1 (178).wav,Base_de_Dados\Perda_material_P1\Perda_material_P1 (178).wav,Perda_material_P1,1,Continuous_Friction_and_Wear,train
Perda_material_P1 (179).wav,Base_de_Dados\Perda_material_P1\Perda_material_P1 (179).wav,Perda_material_P1,1,Continuous_Friction_and_Wear,train
Perda_material_P1 (18).wav,Base_de_Dados\Perda_material_P1\Perda_material_P1 (18).wav,Perda_material_P1,1,Continuous_Friction_and_Wear,train
Perda_material_P1 (19).wav,Base_de_Dados\Perda_material_P1\Perda_material_P1 (19).wav,Perda_material_P1,1,Continuous_Friction_and_Wear,train
Perda_material_P1 (2).wav,Base_de_Dados\Perda_material_P1\Perda_material_P1 (2).wav,Perda_material_P1,1,Continuous_Friction_and_Wear,val
Perda_material_P1 (20).wav,Base_de_Dados\Perda_material_P1\Perda_material_P1 (20).wav,Perda_material_P1,1,Continuous_Friction_and_Wear,train
Perda_material_P1 (21).wav,Base_de_Dados\Perda_material_P1\Perda_material_P1 (21).wav,Perda_material_P1,1,Continuous_Friction_and_Wear,val
Perda_material_P1 (22).wav,Base_de_Dados\Perda_material_P1\Perda_material_P1 (22).wav,Perda_material_P1,1,Continuous_Friction_and_Wear,test
Perda_material_P1 (23).wav,Base_de_Dados\Perda_material_P1\Perda_material_P1 (23).wav,Perda_material_P1,1,Continuous_Friction_and_Wear,train
Perda_material_P1 (24).wav,Base_de_Dados\Perda_material_P1\Perda_material_P1 (24).wav,Perda_material_P1,1,Continuous_Friction_and_Wear,train
Perda_material_P1 (25).wav,Base_de_Dados\Perda_material_P1\Perda_material_P1 (25).wav,Perda_material_P1,1,Continuous_Friction_and_Wear,train
Perda_material_P1 (26).wav,Base_de_Dados\Perda_material_P1\Perda_material_P1 (26).wav,Perda_material_P1,1,Continuous_Friction_and_Wear,train
Perda_material_P1 (27).wav,Base_de_Dados\Perda_material_P1\Perda_material_P1 (27).wav,Perda_material_P1,1,Continuous_Friction_and_Wear,test
Perda_material_P1 (28).wav,Base_de_Dados\Perda_material_P1\Perda_material_P1 (28).wav,Perda_material_P1,1,Continuous_Friction_and_Wear,train
Perda_material_P1 (29).wav,Base_de_Dados\Perda_material_P1\Perda_material_P1 (29).wav,Perda_material_P1,1,Continuous_Friction_and_Wear,test
Perda_material_P1 (3).wav,Base_de_Dados\Perda_material_P1\Perda_material_P1 (3).wav,Perda_material_P1,1,Continuous_Friction_and_Wear,train
Perda_material_P1 (30).wav,Base_de_Dados\Perda_material_P1\Perda_material_P1 (30).wav,Perda_material_P1,1,Continuous_Friction_and_Wear,train
Perda_material_P1 (31).wav,Base_de_Dados\Perda_material_P1\Perda_material_P1 (31).wav,Perda_material_P1,1,Continuous_Friction_and_Wear,train
Perda_material_P1 (32).wav,Base_de_Dados\Perda_material_P1\Perda_material_P1 (32).wav,Perda_material_P1,1,Continuous_Friction_and_Wear,test
Perda_material_P1 (33).wav,Base_de_Dados\Perda_material_P1\Perda_material_P1 (33).wav,Perda_material_P1,1,Continuous_Friction_and_Wear,train
Perda_material_P1 (34).wav,Base_de_Dados\Perda_material_P1\Perda_material_P1 (34).wav,Perda_material_P1,1,Continuous_Friction_and_Wear,train
Perda_material_P1 (35).wav,Base_de_Dados\Perda_material_P1\Perda_material_P1 (35).wav,Perda_material_P1,1,Continuous_Friction_and_Wear,test
Perda_material_P1 (36).wav,Base_de_Dados\Perda_material_P1\Perda_material_P1 (36).wav,Perda_material_P1,1,Continuous_Friction_and_Wear,train
Perda_material_P1 (37).wav,Base_de_Dados\Perda_material_P1\Perda_material_P1 (37).wav,Perda_material_P1,1,Continuous_Friction_and_Wear,val
Perda_material_P1 (38).wav,Base_de_Dados\Perda_material_P1\Perda_material_P1 (38).wav,Perda_material_P1,1,Continuous_Friction_and_Wear,test
Perda_material_P1 (39).wav,Base_de_Dados\Perda_material_P1\Perda_material_P1 (39).wav,Perda_material_P1,1,Continuous_Friction_and_Wear,test
Perda_material_P1 (4).wav,Base_de_Dados\Perda_material_P1\Perda_material_P1 (4).wav,Perda_material_P1,1,Continuous_Friction_and_Wear,train
Perda_material_P1 (40).wav,Base_de_Dados\Perda_material_P1\Perda_material_P1 (40).wav,Perda_material_P1,1,Continuous_Friction_and_Wear,train
Perda_material_P1 (41).wav,Base_de_Dados\Perda_material_P1\Perda_material_P1 (41).wav,Perda_material_P1,1,Continuous_Friction_and_Wear,train
Perda_material_P1 (42).wav,Base_de_Dados\Perda_material_P1\Perda_material_P1 (42).wav,Perda_material_P1,1,Continuous_Friction_and_Wear,train
Perda_material_P1 (43).wav,Base_de_Dados\Perda_material_P1\Perda_material_P1 (43).wav,Perda_material_P1,1,Continuous_Friction_and_Wear,train
Perda_material_P1 (44).wav,Base_de_Dados\Perda_material_P1\Perda_material_P1 (44).wav,Perda_material_P1,1,Continuous_Friction_and_Wear,train
Perda_material_P1 (45).wav,Base_de_Dados\Perda_material_P1\Perda_material_P1 (45).wav,Perda_material_P1,1,Continuous_Friction_and_Wear,test
Perda_material_P1 (46).wav,Base_de_Dados\Perda_material_P1\Perda_material_P1 (46).wav,Perda_material_P1,1,Continuous_Friction_and_Wear,train
Perda_material_P1 (47).wav,Base_de_Dados\Perda_material_P1\Perda_material_P1 (47).wav,Perda_material_P1,1,Continuous_Friction_and_Wear,train
Perda_material_P1 (48).wav,Base_de_Dados\Perda_material_P1\Perda_material_P1 (48).wav,Perda_material_P1,1,Continuous_Friction_and_Wear,train
Perda_material_P1 (49).wav,Base_de_Dados\Perda_material_P1\Perda_material_P1 (49).wav,Perda_material_P1,1,Continuous_Friction_and_Wear,train
Perda_material_P1 (5).wav,Base_de_Dados\Perda_material_P1\Perda_material_P1 (5).wav,Perda_material_P1,1,Continuous_Friction_and_Wear,train
Perda_material_P1 (50).wav,Base_de_Dados\Perda_material_P1\Perda_material_P1 (50).wav,Perda_material_P1,1,Continuous_Friction_and_Wear,train
Perda_material_P1 (51).wav,Base_de_Dados\Perda_material_P1\Perda_material_P1 (51).wav,Perda_material_P1,1,Continuous_Friction_and_Wear,train
Perda_material_P1 (52).wav,Base_de_Dados\Perda_material_P1\Perda_material_P1 (52).wav,Perda_material_P1,1,Continuous_Friction_and_Wear,train
Perda_material_P1 (53).wav,Base_de_Dados\Perda_material_P1\Perda_material_P1 (53).wav,Perda_material_P1,1,Continuous_Friction_and_Wear,val
Perda_material_P1 (54).wav,Base_de_Dados\Perda_material_P1\Perda_material_P1 (54).wav,Perda_material_P1,1,Continuous_Friction_and_Wear,train
Perda_material_P1 (55).wav,Base_de_Dados\Perda_material_P1\Perda_material_P1 (55).wav,Perda_material_P1,1,Continuous_Friction_and_Wear,train
Perda_material_P1 (56).wav,Base_de_Dados\Perda_material_P1\Perda_material_P1 (56).wav,Perda_material_P1,1,Continuous_Friction_and_Wear,train
Perda_material_P1 (57).wav,Base_de_Dados\Perda_material_P1\Perda_material_P1 (57).wav,Perda_material_P1,1,Continuous_Friction_and_Wear,train
Perda_material_P1 (58).wav,Base_de_Dados\Perda_material_P1\Perda_material_P1 (58).wav,Perda_material_P1,1,Continuous_Friction_and_Wear,val
Perda_material_P1 (59).wav,Base_de_Dados\Perda_material_P1\Perda_material_P1 (59).wav,Perda_material_P1,1,Continuous_Friction_and_Wear,train
Perda_material_P1 (6).wav,Base_de_Dados\Perda_material_P1\Perda_material_P1 (6).wav,Perda_material_P1,1,Continuous_Friction_and_Wear,test
Perda_material_P1 (60).wav,Base_de_Dados\Perda_material_P1\Perda_material_P1 (60).wav,Perda_material_P1,1,Continuous_Friction_and_Wear,train
Perda_material_P1 (61).wav,Base_de_Dados\Perda_material_P1\Perda_material_P1 (61).wav,Perda_material_P1,1,Continuous_Friction_and_Wear,test
Perda_material_P1 (62).wav,Base_de_Dados\Perda_material_P1\Perda_material_P1 (62).wav,Perda_material_P1,1,Continuous_Friction_and_Wear,test
Perda_material_P1 (63).wav,Base_de_Dados\Perda_material_P1\Perda_material_P1 (63).wav,Perda_material_P1,1,Continuous_Friction_and_Wear,train
Perda_material_P1 (64).wav,Base_de_Dados\Perda_material_P1\Perda_material_P1 (64).wav,Perda_material_P1,1,Continuous_Friction_and_Wear,train
Perda_material_P1 (65).wav,Base_de_Dados\Perda_material_P1\Perda_material_P1 (65).wav,Perda_material_P1,1,Continuous_Friction_and_Wear,train
Perda_material_P1 (66).wav,Base_de_Dados\Perda_material_P1\Perda_material_P1 (66).wav,Perda_material_P1,1,Continuous_Friction_and_Wear,train
Perda_material_P1 (67).wav,Base_de_Dados\Perda_material_P1\Perda_material_P1 (67).wav,Perda_material_P1,1,Continuous_Friction_and_Wear,train
Perda_material_P1 (68).wav,Base_de_Dados\Perda_material_P1\Perda_material_P1 (68).wav,Perda_material_P1,1,Continuous_Friction_and_Wear,test
Perda_material_P1 (69).wav,Base_de_Dados\Perda_material_P1\Perda_material_P1 (69).wav,Perda_material_P1,1,Continuous_Friction_and_Wear,train
Perda_material_P1 (7).wav,Base_de_Dados\Perda_material_P1\Perda_material_P1 (7).wav,Perda_material_P1,1,Continuous_Friction_and_Wear,val
Perda_material_P1 (70).wav,Base_de_Dados\Perda_material_P1\Perda_material_P1 (70).wav,Perda_material_P1,1,Continuous_Friction_and_Wear,test
Perda_material_P1 (71).wav,Base_de_Dados\Perda_material_P1\Perda_material_P1 (71).wav,Perda_material_P1,1,Continuous_Friction_and_Wear,val
Perda_material_P1 (72).wav,Base_de_Dados\Perda_material_P1\Perda_material_P1 (72).wav,Perda_material_P1,1,Continuous_Friction_and_Wear,train
Perda_material_P1 (73).wav,Base_de_Dados\Perda_material_P1\Perda_material_P1 (73).wav,Perda_material_P1,1,Continuous_Friction_and_Wear,test
Perda_material_P1 (74).wav,Base_de_Dados\Perda_material_P1\Perda_material_P1 (74).wav,Perda_material_P1,1,Continuous_Friction_and_Wear,train
Perda_material_P1 (75).wav,Base_de_Dados\Perda_material_P1\Perda_material_P1 (75).wav,Perda_material_P1,1,Continuous_Friction_and_Wear,train
Perda_material_P1 (76).wav,Base_de_Dados\Perda_material_P1\Perda_material_P1 (76).wav,Perda_material_P1,1,Continuous_Friction_and_Wear,val
Perda_material_P1 (77).wav,Base_de_Dados\Perda_material_P1\Perda_material_P1 (77).wav,Perda_material_P1,1,Continuous_Friction_and_Wear,train
Perda_material_P1 (78).wav,Base_de_Dados\Perda_material_P1\Perda_material_P1 (78).wav,Perda_material_P1,1,Continuous_Friction_and_Wear,test
Perda_material_P1 (79).wav,Base_de_Dados\Perda_material_P1\Perda_material_P1 (79).wav,Perda_material_P1,1,Continuous_Friction_and_Wear,train
Perda_material_P1 (8).wav,Base_de_Dados\Perda_material_P1\Perda_material_P1 (8).wav,Perda_material_P1,1,Continuous_Friction_and_Wear,train
Perda_material_P1 (80).wav,Base_de_Dados\Perda_material_P1\Perda_material_P1 (80).wav,Perda_material_P1,1,Continuous_Friction_and_Wear,train
Perda_material_P1 (81).wav,Base_de_Dados\Perda_material_P1\Perda_material_P1 (81).wav,Perda_material_P1,1,Continuous_Friction_and_Wear,train
Perda_material_P1 (82).wav,Base_de_Dados\Perda_material_P1\Perda_material_P1 (82).wav,Perda_material_P1,1,Continuous_Friction_and_Wear,train
Perda_material_P1 (83).wav,Base_de_Dados\Perda_material_P1\Perda_material_P1 (83).wav,Perda_material_P1,1,Continuous_Friction_and_Wear,test
Perda_material_P1 (84).wav,Base_de_Dados\Perda_material_P1\Perda_material_P1 (84).wav,Perda_material_P1,1,Continuous_Friction_and_Wear,test
Perda_material_P1 (85).wav,Base_de_Dados\Perda_material_P1\Perda_material_P1 (85).wav,Perda_material_P1,1,Continuous_Friction_and_Wear,val
Perda_material_P1 (86).wav,Base_de_Dados\Perda_material_P1\Perda_material_P1 (86).wav,Perda_material_P1,1,Continuous_Friction_and_Wear,test
Perda_material_P1 (87).wav,Base_de_Dados\Perda_material_P1\Perda_material_P1 (87).wav,Perda_material_P1,1,Continuous_Friction_and_Wear,train
Perda_material_P1 (88).wav,Base_de_Dados\Perda_material_P1\Perda_material_P1 (88).wav,Perda_material_P1,1,Continuous_Friction_and_Wear,test
Perda_material_P1 (89).wav,Base_de_Dados\Perda_material_P1\Perda_material_P1 (89).wav,Perda_material_P1,1,Continuous_Friction_and_Wear,test
Perda_material_P1 (9).wav,Base_de_Dados\Perda_material_P1\Perda_material_P1 (9).wav,Perda_material_P1,1,Continuous_Friction_and_Wear,train
Perda_material_P1 (90).wav,Base_de_Dados\Perda_material_P1\Perda_material_P1 (90).wav,Perda_material_P1,1,Continuous_Friction_and_Wear,train
Perda_material_P1 (91).wav,Base_de_Dados\Perda_material_P1\Perda_material_P1 (91).wav,Perda_material_P1,1,Continuous_Friction_and_Wear,train
Perda_material_P1 (92).wav,Base_de_Dados\Perda_material_P1\Perda_material_P1 (92).wav,Perda_material_P1,1,Continuous_Friction_and_Wear,train
Perda_material_P1 (93).wav,Base_de_Dados\Perda_material_P1\Perda_material_P1 (93).wav,Perda_material_P1,1,Continuous_Friction_and_Wear,train
Perda_material_P1 (94).wav,Base_de_Dados\Perda_material_P1\Perda_material_P1 (94).wav,Perda_material_P1,1,Continuous_Friction_and_Wear,train
Perda_material_P1 (95).wav,Base_de_Dados\Perda_material_P1\Perda_material_P1 (95).wav,Perda_material_P1,1,Continuous_Friction_and_Wear,train
Perda_material_P1 (96).wav,Base_de_Dados\Perda_material_P1\Perda_material_P1 (96).wav,Perda_material_P1,1,Continuous_Friction_and_Wear,test
Perda_material_P1 (97).wav,Base_de_Dados\Perda_material_P1\Perda_material_P1 (97).wav,Perda_material_P1,1,Continuous_Friction_and_Wear,train
Perda_material_P1 (98).wav,Base_de_Dados\Perda_material_P1\Perda_material_P1 (98).wav,Perda_material_P1,1,Continuous_Friction_and_Wear,val
Perda_material_P1 (99).wav,Base_de_Dados\Perda_material_P1\Perda_material_P1 (99).wav,Perda_material_P1,1,Continuous_Friction_and_Wear,train
Perda_material_P1P4 (1).wav,Base_de_Dados\Perda_material_P1P4\Perda_material_P1P4 (1).wav,Perda_material_P1P4,1,Continuous_Friction_and_Wear,test
Perda_material_P1P4 (10).wav,Base_de_Dados\Perda_material_P1P4\Perda_material_P1P4 (10).wav,Perda_material_P1P4,1,Continuous_Friction_and_Wear,test
Perda_material_P1P4 (100).wav,Base_de_Dados\Perda_material_P1P4\Perda_material_P1P4 (100).wav,Perda_material_P1P4,1,Continuous_Friction_and_Wear,train
Perda_material_P1P4 (101).wav,Base_de_Dados\Perda_material_P1P4\Perda_material_P1P4 (101).wav,Perda_material_P1P4,1,Continuous_Friction_and_Wear,train
Perda_material_P1P4 (102).wav,Base_de_Dados\Perda_material_P1P4\Perda_material_P1P4 (102).wav,Perda_material_P1P4,1,Continuous_Friction_and_Wear,test
Perda_material_P1P4 (103).wav,Base_de_Dados\Perda_material_P1P4\Perda_material_P1P4 (103).wav,Perda_material_P1P4,1,Continuous_Friction_and_Wear,train
Perda_material_P1P4 (104).wav,Base_de_Dados\Perda_material_P1P4\Perda_material_P1P4 (104).wav,Perda_material_P1P4,1,Continuous_Friction_and_Wear,train
Perda_material_P1P4 (105).wav,Base_de_Dados\Perda_material_P1P4\Perda_material_P1P4 (105).wav,Perda_material_P1P4,1,Continuous_Friction_and_Wear,train
Perda_material_P1P4 (106).wav,Base_de_Dados\Perda_material_P1P4\Perda_material_P1P4 (106).wav,Perda_material_P1P4,1,Continuous_Friction_and_Wear,train
Perda_material_P1P4 (107).wav,Base_de_Dados\Perda_material_P1P4\Perda_material_P1P4 (107).wav,Perda_material_P1P4,1,Continuous_Friction_and_Wear,train
Perda_material_P1P4 (108).wav,Base_de_Dados\Perda_material_P1P4\Perda_material_P1P4 (108).wav,Perda_material_P1P4,1,Continuous_Friction_and_Wear,train
Perda_material_P1P4 (109).wav,Base_de_Dados\Perda_material_P1P4\Perda_material_P1P4 (109).wav,Perda_material_P1P4,1,Continuous_Friction_and_Wear,val
Perda_material_P1P4 (11).wav,Base_de_Dados\Perda_material_P1P4\Perda_material_P1P4 (11).wav,Perda_material_P1P4,1,Continuous_Friction_and_Wear,train
Perda_material_P1P4 (110).wav,Base_de_Dados\Perda_material_P1P4\Perda_material_P1P4 (110).wav,Perda_material_P1P4,1,Continuous_Friction_and_Wear,train
Perda_material_P1P4 (111).wav,Base_de_Dados\Perda_material_P1P4\Perda_material_P1P4 (111).wav,Perda_material_P1P4,1,Continuous_Friction_and_Wear,val
Perda_material_P1P4 (112).wav,Base_de_Dados\Perda_material_P1P4\Perda_material_P1P4 (112).wav,Perda_material_P1P4,1,Continuous_Friction_and_Wear,train
Perda_material_P1P4 (113).wav,Base_de_Dados\Perda_material_P1P4\Perda_material_P1P4 (113).wav,Perda_material_P1P4,1,Continuous_Friction_and_Wear,val
Perda_material_P1P4 (114).wav,Base_de_Dados\Perda_material_P1P4\Perda_material_P1P4 (114).wav,Perda_material_P1P4,1,Continuous_Friction_and_Wear,train
Perda_material_P1P4 (115).wav,Base_de_Dados\Perda_material_P1P4\Perda_material_P1P4 (115).wav,Perda_material_P1P4,1,Continuous_Friction_and_Wear,test
Perda_material_P1P4 (116).wav,Base_de_Dados\Perda_material_P1P4\Perda_material_P1P4 (116).wav,Perda_material_P1P4,1,Continuous_Friction_and_Wear,train
Perda_material_P1P4 (117).wav,Base_de_Dados\Perda_material_P1P4\Perda_material_P1P4 (117).wav,Perda_material_P1P4,1,Continuous_Friction_and_Wear,test
Perda_material_P1P4 (118).wav,Base_de_Dados\Perda_material_P1P4\Perda_material_P1P4 (118).wav,Perda_material_P1P4,1,Continuous_Friction_and_Wear,test
Perda_material_P1P4 (119).wav,Base_de_Dados\Perda_material_P1P4\Perda_material_P1P4 (119).wav,Perda_material_P1P4,1,Continuous_Friction_and_Wear,train
Perda_material_P1P4 (12).wav,Base_de_Dados\Perda_material_P1P4\Perda_material_P1P4 (12).wav,Perda_material_P1P4,1,Continuous_Friction_and_Wear,train
Perda_material_P1P4 (120).wav,Base_de_Dados\Perda_material_P1P4\Perda_material_P1P4 (120).wav,Perda_material_P1P4,1,Continuous_Friction_and_Wear,test
Perda_material_P1P4 (121).wav,Base_de_Dados\Perda_material_P1P4\Perda_material_P1P4 (121).wav,Perda_material_P1P4,1,Continuous_Friction_and_Wear,test
Perda_material_P1P4 (122).wav,Base_de_Dados\Perda_material_P1P4\Perda_material_P1P4 (122).wav,Perda_material_P1P4,1,Continuous_Friction_and_Wear,val
Perda_material_P1P4 (123).wav,Base_de_Dados\Perda_material_P1P4\Perda_material_P1P4 (123).wav,Perda_material_P1P4,1,Continuous_Friction_and_Wear,train
Perda_material_P1P4 (124).wav,Base_de_Dados\Perda_material_P1P4\Perda_material_P1P4 (124).wav,Perda_material_P1P4,1,Continuous_Friction_and_Wear,train
Perda_material_P1P4 (125).wav,Base_de_Dados\Perda_material_P1P4\Perda_material_P1P4 (125).wav,Perda_material_P1P4,1,Continuous_Friction_and_Wear,train
Perda_material_P1P4 (126).wav,Base_de_Dados\Perda_material_P1P4\Perda_material_P1P4 (126).wav,Perda_material_P1P4,1,Continuous_Friction_and_Wear,train
Perda_material_P1P4 (127).wav,Base_de_Dados\Perda_material_P1P4\Perda_material_P1P4 (127).wav,Perda_material_P1P4,1,Continuous_Friction_and_Wear,train
Perda_material_P1P4 (128).wav,Base_de_Dados\Perda_material_P1P4\Perda_material_P1P4 (128).wav,Perda_material_P1P4,1,Continuous_Friction_and_Wear,train
Perda_material_P1P4 (129).wav,Base_de_Dados\Perda_material_P1P4\Perda_material_P1P4 (129).wav,Perda_material_P1P4,1,Continuous_Friction_and_Wear,test
Perda_material_P1P4 (13).wav,Base_de_Dados\Perda_material_P1P4\Perda_material_P1P4 (13).wav,Perda_material_P1P4,1,Continuous_Friction_and_Wear,train
Perda_material_P1P4 (130).wav,Base_de_Dados\Perda_material_P1P4\Perda_material_P1P4 (130).wav,Perda_material_P1P4,1,Continuous_Friction_and_Wear,train
Perda_material_P1P4 (131).wav,Base_de_Dados\Perda_material_P1P4\Perda_material_P1P4 (131).wav,Perda_material_P1P4,1,Continuous_Friction_and_Wear,val
Perda_material_P1P4 (132).wav,Base_de_Dados\Perda_material_P1P4\Perda_material_P1P4 (132).wav,Perda_material_P1P4,1,Continuous_Friction_and_Wear,val
Perda_material_P1P4 (133).wav,Base_de_Dados\Perda_material_P1P4\Perda_material_P1P4 (133).wav,Perda_material_P1P4,1,Continuous_Friction_and_Wear,val
Perda_material_P1P4 (134).wav,Base_de_Dados\Perda_material_P1P4\Perda_material_P1P4 (134).wav,Perda_material_P1P4,1,Continuous_Friction_and_Wear,val
Perda_material_P1P4 (135).wav,Base_de_Dados\Perda_material_P1P4\Perda_material_P1P4 (135).wav,Perda_material_P1P4,1,Continuous_Friction_and_Wear,val
Perda_material_P1P4 (136).wav,Base_de_Dados\Perda_material_P1P4\Perda_material_P1P4 (136).wav,Perda_material_P1P4,1,Continuous_Friction_and_Wear,val
Perda_material_P1P4 (137).wav,Base_de_Dados\Perda_material_P1P4\Perda_material_P1P4 (137).wav,Perda_material_P1P4,1,Continuous_Friction_and_Wear,train
Perda_material_P1P4 (138).wav,Base_de_Dados\Perda_material_P1P4\Perda_material_P1P4 (138).wav,Perda_material_P1P4,1,Continuous_Friction_and_Wear,train
Perda_material_P1P4 (139).wav,Base_de_Dados\Perda_material_P1P4\Perda_material_P1P4 (139).wav,Perda_material_P1P4,1,Continuous_Friction_and_Wear,train
Perda_material_P1P4 (14).wav,Base_de_Dados\Perda_material_P1P4\Perda_material_P1P4 (14).wav,Perda_material_P1P4,1,Continuous_Friction_and_Wear,val
Perda_material_P1P4 (140).wav,Base_de_Dados\Perda_material_P1P4\Perda_material_P1P4 (140).wav,Perda_material_P1P4,1,Continuous_Friction_and_Wear,train
Perda_material_P1P4 (141).wav,Base_de_Dados\Perda_material_P1P4\Perda_material_P1P4 (141).wav,Perda_material_P1P4,1,Continuous_Friction_and_Wear,train
Perda_material_P1P4 (142).wav,Base_de_Dados\Perda_material_P1P4\Perda_material_P1P4 (142).wav,Perda_material_P1P4,1,Continuous_Friction_and_Wear,train
Perda_material_P1P4 (143).wav,Base_de_Dados\Perda_material_P1P4\Perda_material_P1P4 (143).wav,Perda_material_P1P4,1,Continuous_Friction_and_Wear,train
Perda_material_P1P4 (144).wav,Base_de_Dados\Perda_material_P1P4\Perda_material_P1P4 (144).wav,Perda_material_P1P4,1,Continuous_Friction_and_Wear,train
Perda_material_P1P4 (145).wav,Base_de_Dados\Perda_material_P1P4\Perda_material_P1P4 (145).wav,Perda_material_P1P4,1,Continuous_Friction_and_Wear,train
Perda_material_P1P4 (146).wav,Base_de_Dados\Perda_material_P1P4\Perda_material_P1P4 (146).wav,Perda_material_P1P4,1,Continuous_Friction_and_Wear,train
Perda_material_P1P4 (147).wav,Base_de_Dados\Perda_material_P1P4\Perda_material_P1P4 (147).wav,Perda_material_P1P4,1,Continuous_Friction_and_Wear,train
Perda_material_P1P4 (148).wav,Base_de_Dados\Perda_material_P1P4\Perda_material_P1P4 (148).wav,Perda_material_P1P4,1,Continuous_Friction_and_Wear,train
Perda_material_P1P4 (149).wav,Base_de_Dados\Perda_material_P1P4\Perda_material_P1P4 (149).wav,Perda_material_P1P4,1,Continuous_Friction_and_Wear,train
Perda_material_P1P4 (15).wav,Base_de_Dados\Perda_material_P1P4\Perda_material_P1P4 (15).wav,Perda_material_P1P4,1,Continuous_Friction_and_Wear,test
Perda_material_P1P4 (150).wav,Base_de_Dados\Perda_material_P1P4\Perda_material_P1P4 (150).wav,Perda_material_P1P4,1,Continuous_Friction_and_Wear,val
Perda_material_P1P4 (151).wav,Base_de_Dados\Perda_material_P1P4\Perda_material_P1P4 (151).wav,Perda_material_P1P4,1,Continuous_Friction_and_Wear,train
Perda_material_P1P4 (152).wav,Base_de_Dados\Perda_material_P1P4\Perda_material_P1P4 (152).wav,Perda_material_P1P4,1,Continuous_Friction_and_Wear,test
Perda_material_P1P4 (153).wav,Base_de_Dados\Perda_material_P1P4\Perda_material_P1P4 (153).wav,Perda_material_P1P4,1,Continuous_Friction_and_Wear,train
Perda_material_P1P4 (154).wav,Base_de_Dados\Perda_material_P1P4\Perda_material_P1P4 (154).wav,Perda_material_P1P4,1,Continuous_Friction_and_Wear,test
Perda_material_P1P4 (155).wav,Base_de_Dados\Perda_material_P1P4\Perda_material_P1P4 (155).wav,Perda_material_P1P4,1,Continuous_Friction_and_Wear,train
Perda_material_P1P4 (156).wav,Base_de_Dados\Perda_material_P1P4\Perda_material_P1P4 (156).wav,Perda_material_P1P4,1,Continuous_Friction_and_Wear,train
Perda_material_P1P4 (157).wav,Base_de_Dados\Perda_material_P1P4\Perda_material_P1P4 (157).wav,Perda_material_P1P4,1,Continuous_Friction_and_Wear,train
Perda_material_P1P4 (158).wav,Base_de_Dados\Perda_material_P1P4\Perda_material_P1P4 (158).wav,Perda_material_P1P4,1,Continuous_Friction_and_Wear,train
Perda_material_P1P4 (159).wav,Base_de_Dados\Perda_material_P1P4\Perda_material_P1P4 (159).wav,Perda_material_P1P4,1,Continuous_Friction_and_Wear,train
Perda_material_P1P4 (16).wav,Base_de_Dados\Perda_material_P1P4\Perda_material_P1P4 (16).wav,Perda_material_P1P4,1,Continuous_Friction_and_Wear,train
Perda_material_P1P4 (160).wav,Base_de_Dados\Perda_material_P1P4\Perda_material_P1P4 (160).wav,Perda_material_P1P4,1,Continuous_Friction_and_Wear,train
Perda_material_P1P4 (161).wav,Base_de_Dados\Perda_material_P1P4\Perda_material_P1P4 (161).wav,Perda_material_P1P4,1,Continuous_Friction_and_Wear,train
Perda_material_P1P4 (162).wav,Base_de_Dados\Perda_material_P1P4\Perda_material_P1P4 (162).wav,Perda_material_P1P4,1,Continuous_Friction_and_Wear,train
Perda_material_P1P4 (163).wav,Base_de_Dados\Perda_material_P1P4\Perda_material_P1P4 (163).wav,Perda_material_P1P4,1,Continuous_Friction_and_Wear,train
Perda_material_P1P4 (164).wav,Base_de_Dados\Perda_material_P1P4\Perda_material_P1P4 (164).wav,Perda_material_P1P4,1,Continuous_Friction_and_Wear,test
Perda_material_P1P4 (165).wav,Base_de_Dados\Perda_material_P1P4\Perda_material_P1P4 (165).wav,Perda_material_P1P4,1,Continuous_Friction_and_Wear,test
Perda_material_P1P4 (166).wav,Base_de_Dados\Perda_material_P1P4\Perda_material_P1P4 (166).wav,Perda_material_P1P4,1,Continuous_Friction_and_Wear,train
Perda_material_P1P4 (167).wav,Base_de_Dados\Perda_material_P1P4\Perda_material_P1P4 (167).wav,Perda_material_P1P4,1,Continuous_Friction_and_Wear,train
Perda_material_P1P4 (168).wav,Base_de_Dados\Perda_material_P1P4\Perda_material_P1P4 (168).wav,Perda_material_P1P4,1,Continuous_Friction_and_Wear,train
Perda_material_P1P4 (169).wav,Base_de_Dados\Perda_material_P1P4\Perda_material_P1P4 (169).wav,Perda_material_P1P4,1,Continuous_Friction_and_Wear,test
Perda_material_P1P4 (17).wav,Base_de_Dados\Perda_material_P1P4\Perda_material_P1P4 (17).wav,Perda_material_P1P4,1,Continuous_Friction_and_Wear,train
Perda_material_P1P4 (170).wav,Base_de_Dados\Perda_material_P1P4\Perda_material_P1P4 (170).wav,Perda_material_P1P4,1,Continuous_Friction_and_Wear,train
Perda_material_P1P4 (171).wav,Base_de_Dados\Perda_material_P1P4\Perda_material_P1P4 (171).wav,Perda_material_P1P4,1,Continuous_Friction_and_Wear,train
Perda_material_P1P4 (172).wav,Base_de_Dados\Perda_material_P1P4\Perda_material_P1P4 (172).wav,Perda_material_P1P4,1,Continuous_Friction_and_Wear,train
Perda_material_P1P4 (173).wav,Base_de_Dados\Perda_material_P1P4\Perda_material_P1P4 (173).wav,Perda_material_P1P4,1,Continuous_Friction_and_Wear,val
Perda_material_P1P4 (174).wav,Base_de_Dados\Perda_material_P1P4\Perda_material_P1P4 (174).wav,Perda_material_P1P4,1,Continuous_Friction_and_Wear,train
Perda_material_P1P4 (175).wav,Base_de_Dados\Perda_material_P1P4\Perda_material_P1P4 (175).wav,Perda_material_P1P4,1,Continuous_Friction_and_Wear,val
Perda_material_P1P4 (176).wav,Base_de_Dados\Perda_material_P1P4\Perda_material_P1P4 (176).wav,Perda_material_P1P4,1,Continuous_Friction_and_Wear,val
Perda_material_P1P4 (177).wav,Base_de_Dados\Perda_material_P1P4\Perda_material_P1P4 (177).wav,Perda_material_P1P4,1,Continuous_Friction_and_Wear,test
Perda_material_P1P4 (178).wav,Base_de_Dados\Perda_material_P1P4\Perda_material_P1P4 (178).wav,Perda_material_P1P4,1,Continuous_Friction_and_Wear,train
Perda_material_P1P4 (179).wav,Base_de_Dados\Perda_material_P1P4\Perda_material_P1P4 (179).wav,Perda_material_P1P4,1,Continuous_Friction_and_Wear,train
Perda_material_P1P4 (18).wav,Base_de_Dados\Perda_material_P1P4\Perda_material_P1P4 (18).wav,Perda_material_P1P4,1,Continuous_Friction_and_Wear,train
Perda_material_P1P4 (19).wav,Base_de_Dados\Perda_material_P1P4\Perda_material_P1P4 (19).wav,Perda_material_P1P4,1,Continuous_Friction_and_Wear,test
Perda_material_P1P4 (2).wav,Base_de_Dados\Perda_material_P1P4\Perda_material_P1P4 (2).wav,Perda_material_P1P4,1,Continuous_Friction_and_Wear,val
Perda_material_P1P4 (20).wav,Base_de_Dados\Perda_material_P1P4\Perda_material_P1P4 (20).wav,Perda_material_P1P4,1,Continuous_Friction_and_Wear,train
Perda_material_P1P4 (21).wav,Base_de_Dados\Perda_material_P1P4\Perda_material_P1P4 (21).wav,Perda_material_P1P4,1,Continuous_Friction_and_Wear,train
Perda_material_P1P4 (22).wav,Base_de_Dados\Perda_material_P1P4\Perda_material_P1P4 (22).wav,Perda_material_P1P4,1,Continuous_Friction_and_Wear,train
Perda_material_P1P4 (23).wav,Base_de_Dados\Perda_material_P1P4\Perda_material_P1P4 (23).wav,Perda_material_P1P4,1,Continuous_Friction_and_Wear,val
Perda_material_P1P4 (24).wav,Base_de_Dados\Perda_material_P1P4\Perda_material_P1P4 (24).wav,Perda_material_P1P4,1,Continuous_Friction_and_Wear,train
Perda_material_P1P4 (25).wav,Base_de_Dados\Perda_material_P1P4\Perda_material_P1P4 (25).wav,Perda_material_P1P4,1,Continuous_Friction_and_Wear,test
Perda_material_P1P4 (26).wav,Base_de_Dados\Perda_material_P1P4\Perda_material_P1P4 (26).wav,Perda_material_P1P4,1,Continuous_Friction_and_Wear,train
Perda_material_P1P4 (27).wav,Base_de_Dados\Perda_material_P1P4\Perda_material_P1P4 (27).wav,Perda_material_P1P4,1,Continuous_Friction_and_Wear,train
Perda_material_P1P4 (28).wav,Base_de_Dados\Perda_material_P1P4\Perda_material_P1P4 (28).wav,Perda_material_P1P4,1,Continuous_Friction_and_Wear,test
Perda_material_P1P4 (29).wav,Base_de_Dados\Perda_material_P1P4\Perda_material_P1P4 (29).wav,Perda_material_P1P4,1,Continuous_Friction_and_Wear,val
Perda_material_P1P4 (3).wav,Base_de_Dados\Perda_material_P1P4\Perda_material_P1P4 (3).wav,Perda_material_P1P4,1,Continuous_Friction_and_Wear,train
Perda_material_P1P4 (30).wav,Base_de_Dados\Perda_material_P1P4\Perda_material_P1P4 (30).wav,Perda_material_P1P4,1,Continuous_Friction_and_Wear,train
Perda_material_P1P4 (31).wav,Base_de_Dados\Perda_material_P1P4\Perda_material_P1P4 (31).wav,Perda_material_P1P4,1,Continuous_Friction_and_Wear,train
Perda_material_P1P4 (32).wav,Base_de_Dados\Perda_material_P1P4\Perda_material_P1P4 (32).wav,Perda_material_P1P4,1,Continuous_Friction_and_Wear,train
Perda_material_P1P4 (33).wav,Base_de_Dados\Perda_material_P1P4\Perda_material_P1P4 (33).wav,Perda_material_P1P4,1,Continuous_Friction_and_Wear,train
Perda_material_P1P4 (34).wav,Base_de_Dados\Perda_material_P1P4\Perda_material_P1P4 (34).wav,Perda_material_P1P4,1,Continuous_Friction_and_Wear,train
Perda_material_P1P4 (35).wav,Base_de_Dados\Perda_material_P1P4\Perda_material_P1P4 (35).wav,Perda_material_P1P4,1,Continuous_Friction_and_Wear,train
Perda_material_P1P4 (36).wav,Base_de_Dados\Perda_material_P1P4\Perda_material_P1P4 (36).wav,Perda_material_P1P4,1,Continuous_Friction_and_Wear,train
Perda_material_P1P4 (37).wav,Base_de_Dados\Perda_material_P1P4\Perda_material_P1P4 (37).wav,Perda_material_P1P4,1,Continuous_Friction_and_Wear,train
Perda_material_P1P4 (38).wav,Base_de_Dados\Perda_material_P1P4\Perda_material_P1P4 (38).wav,Perda_material_P1P4,1,Continuous_Friction_and_Wear,val
Perda_material_P1P4 (39).wav,Base_de_Dados\Perda_material_P1P4\Perda_material_P1P4 (39).wav,Perda_material_P1P4,1,Continuous_Friction_and_Wear,test
Perda_material_P1P4 (4).wav,Base_de_Dados\Perda_material_P1P4\Perda_material_P1P4 (4).wav,Perda_material_P1P4,1,Continuous_Friction_and_Wear,test
Perda_material_P1P4 (40).wav,Base_de_Dados\Perda_material_P1P4\Perda_material_P1P4 (40).wav,Perda_material_P1P4,1,Continuous_Friction_and_Wear,test
Perda_material_P1P4 (41).wav,Base_de_Dados\Perda_material_P1P4\Perda_material_P1P4 (41).wav,Perda_material_P1P4,1,Continuous_Friction_and_Wear,train
Perda_material_P1P4 (42).wav,Base_de_Dados\Perda_material_P1P4\Perda_material_P1P4 (42).wav,Perda_material_P1P4,1,Continuous_Friction_and_Wear,test
Perda_material_P1P4 (43).wav,Base_de_Dados\Perda_material_P1P4\Perda_material_P1P4 (43).wav,Perda_material_P1P4,1,Continuous_Friction_and_Wear,train
Perda_material_P1P4 (44).wav,Base_de_Dados\Perda_material_P1P4\Perda_material_P1P4 (44).wav,Perda_material_P1P4,1,Continuous_Friction_and_Wear,test
Perda_material_P1P4 (45).wav,Base_de_Dados\Perda_material_P1P4\Perda_material_P1P4 (45).wav,Perda_material_P1P4,1,Continuous_Friction_and_Wear,test
Perda_material_P1P4 (46).wav,Base_de_Dados\Perda_material_P1P4\Perda_material_P1P4 (46).wav,Perda_material_P1P4,1,Continuous_Friction_and_Wear,train
Perda_material_P1P4 (47).wav,Base_de_Dados\Perda_material_P1P4\Perda_material_P1P4 (47).wav,Perda_material_P1P4,1,Continuous_Friction_and_Wear,test
Perda_material_P1P4 (48).wav,Base_de_Dados\Perda_material_P1P4\Perda_material_P1P4 (48).wav,Perda_material_P1P4,1,Continuous_Friction_and_Wear,train
Perda_material_P1P4 (49).wav,Base_de_Dados\Perda_material_P1P4\Perda_material_P1P4 (49).wav,Perda_material_P1P4,1,Continuous_Friction_and_Wear,train
Perda_material_P1P4 (5).wav,Base_de_Dados\Perda_material_P1P4\Perda_material_P1P4 (5).wav,Perda_material_P1P4,1,Continuous_Friction_and_Wear,val
Perda_material_P1P4 (50).wav,Base_de_Dados\Perda_material_P1P4\Perda_material_P1P4 (50).wav,Perda_material_P1P4,1,Continuous_Friction_and_Wear,train
Perda_material_P1P4 (51).wav,Base_de_Dados\Perda_material_P1P4\Perda_material_P1P4 (51).wav,Perda_material_P1P4,1,Continuous_Friction_and_Wear,train
Perda_material_P1P4 (52).wav,Base_de_Dados\Perda_material_P1P4\Perda_material_P1P4 (52).wav,Perda_material_P1P4,1,Continuous_Friction_and_Wear,train
Perda_material_P1P4 (53).wav,Base_de_Dados\Perda_material_P1P4\Perda_material_P1P4 (53).wav,Perda_material_P1P4,1,Continuous_Friction_and_Wear,test
Perda_material_P1P4 (54).wav,Base_de_Dados\Perda_material_P1P4\Perda_material_P1P4 (54).wav,Perda_material_P1P4,1,Continuous_Friction_and_Wear,train
Perda_material_P1P4 (55).wav,Base_de_Dados\Perda_material_P1P4\Perda_material_P1P4 (55).wav,Perda_material_P1P4,1,Continuous_Friction_and_Wear,train
Perda_material_P1P4 (56).wav,Base_de_Dados\Perda_material_P1P4\Perda_material_P1P4 (56).wav,Perda_material_P1P4,1,Continuous_Friction_and_Wear,train
Perda_material_P1P4 (57).wav,Base_de_Dados\Perda_material_P1P4\Perda_material_P1P4 (57).wav,Perda_material_P1P4,1,Continuous_Friction_and_Wear,val
Perda_material_P1P4 (58).wav,Base_de_Dados\Perda_material_P1P4\Perda_material_P1P4 (58).wav,Perda_material_P1P4,1,Continuous_Friction_and_Wear,train
Perda_material_P1P4 (59).wav,Base_de_Dados\Perda_material_P1P4\Perda_material_P1P4 (59).wav,Perda_material_P1P4,1,Continuous_Friction_and_Wear,test
Perda_material_P1P4 (6).wav,Base_de_Dados\Perda_material_P1P4\Perda_material_P1P4 (6).wav,Perda_material_P1P4,1,Continuous_Friction_and_Wear,train
Perda_material_P1P4 (60).wav,Base_de_Dados\Perda_material_P1P4\Perda_material_P1P4 (60).wav,Perda_material_P1P4,1,Continuous_Friction_and_Wear,test
Perda_material_P1P4 (61).wav,Base_de_Dados\Perda_material_P1P4\Perda_material_P1P4 (61).wav,Perda_material_P1P4,1,Continuous_Friction_and_Wear,test
Perda_material_P1P4 (62).wav,Base_de_Dados\Perda_material_P1P4\Perda_material_P1P4 (62).wav,Perda_material_P1P4,1,Continuous_Friction_and_Wear,train
Perda_material_P1P4 (63).wav,Base_de_Dados\Perda_material_P1P4\Perda_material_P1P4 (63).wav,Perda_material_P1P4,1,Continuous_Friction_and_Wear,train
Perda_material_P1P4 (64).wav,Base_de_Dados\Perda_material_P1P4\Perda_material_P1P4 (64).wav,Perda_material_P1P4,1,Continuous_Friction_and_Wear,train
Perda_material_P1P4 (65).wav,Base_de_Dados\Perda_material_P1P4\Perda_material_P1P4 (65).wav,Perda_material_P1P4,1,Continuous_Friction_and_Wear,train
Perda_material_P1P4 (66).wav,Base_de_Dados\Perda_material_P1P4\Perda_material_P1P4 (66).wav,Perda_material_P1P4,1,Continuous_Friction_and_Wear,train
Perda_material_P1P4 (67).wav,Base_de_Dados\Perda_material_P1P4\Perda_material_P1P4 (67).wav,Perda_material_P1P4,1,Continuous_Friction_and_Wear,train
Perda_material_P1P4 (68).wav,Base_de_Dados\Perda_material_P1P4\Perda_material_P1P4 (68).wav,Perda_material_P1P4,1,Continuous_Friction_and_Wear,test
Perda_material_P1P4 (69).wav,Base_de_Dados\Perda_material_P1P4\Perda_material_P1P4 (69).wav,Perda_material_P1P4,1,Continuous_Friction_and_Wear,train
Perda_material_P1P4 (7).wav,Base_de_Dados\Perda_material_P1P4\Perda_material_P1P4 (7).wav,Perda_material_P1P4,1,Continuous_Friction_and_Wear,train
Perda_material_P1P4 (70).wav,Base_de_Dados\Perda_material_P1P4\Perda_material_P1P4 (70).wav,Perda_material_P1P4,1,Continuous_Friction_and_Wear,train
Perda_material_P1P4 (71).wav,Base_de_Dados\Perda_material_P1P4\Perda_material_P1P4 (71).wav,Perda_material_P1P4,1,Continuous_Friction_and_Wear,train
Perda_material_P1P4 (72).wav,Base_de_Dados\Perda_material_P1P4\Perda_material_P1P4 (72).wav,Perda_material_P1P4,1,Continuous_Friction_and_Wear,test
Perda_material_P1P4 (73).wav,Base_de_Dados\Perda_material_P1P4\Perda_material_P1P4 (73).wav,Perda_material_P1P4,1,Continuous_Friction_and_Wear,test
Perda_material_P1P4 (74).wav,Base_de_Dados\Perda_material_P1P4\Perda_material_P1P4 (74).wav,Perda_material_P1P4,1,Continuous_Friction_and_Wear,train
Perda_material_P1P4 (75).wav,Base_de_Dados\Perda_material_P1P4\Perda_material_P1P4 (75).wav,Perda_material_P1P4,1,Continuous_Friction_and_Wear,test
Perda_material_P1P4 (76).wav,Base_de_Dados\Perda_material_P1P4\Perda_material_P1P4 (76).wav,Perda_material_P1P4,1,Continuous_Friction_and_Wear,train
Perda_material_P1P4 (77).wav,Base_de_Dados\Perda_material_P1P4\Perda_material_P1P4 (77).wav,Perda_material_P1P4,1,Continuous_Friction_and_Wear,train
Perda_material_P1P4 (78).wav,Base_de_Dados\Perda_material_P1P4\Perda_material_P1P4 (78).wav,Perda_material_P1P4,1,Continuous_Friction_and_Wear,test
Perda_material_P1P4 (79).wav,Base_de_Dados\Perda_material_P1P4\Perda_material_P1P4 (79).wav,Perda_material_P1P4,1,Continuous_Friction_and_Wear,train
Perda_material_P1P4 (8).wav,Base_de_Dados\Perda_material_P1P4\Perda_material_P1P4 (8).wav,Perda_material_P1P4,1,Continuous_Friction_and_Wear,train
Perda_material_P1P4 (80).wav,Base_de_Dados\Perda_material_P1P4\Perda_material_P1P4 (80).wav,Perda_material_P1P4,1,Continuous_Friction_and_Wear,test
Perda_material_P1P4 (81).wav,Base_de_Dados\Perda_material_P1P4\Perda_material_P1P4 (81).wav,Perda_material_P1P4,1,Continuous_Friction_and_Wear,train
Perda_material_P1P4 (82).wav,Base_de_Dados\Perda_material_P1P4\Perda_material_P1P4 (82).wav,Perda_material_P1P4,1,Continuous_Friction_and_Wear,val
Perda_material_P1P4 (83).wav,Base_de_Dados\Perda_material_P1P4\Perda_material_P1P4 (83).wav,Perda_material_P1P4,1,Continuous_Friction_and_Wear,val
Perda_material_P1P4 (84).wav,Base_de_Dados\Perda_material_P1P4\Perda_material_P1P4 (84).wav,Perda_material_P1P4,1,Continuous_Friction_and_Wear,train
Perda_material_P1P4 (85).wav,Base_de_Dados\Perda_material_P1P4\Perda_material_P1P4 (85).wav,Perda_material_P1P4,1,Continuous_Friction_and_Wear,val
Perda_material_P1P4 (86).wav,Base_de_Dados\Perda_material_P1P4\Perda_material_P1P4 (86).wav,Perda_material_P1P4,1,Continuous_Friction_and_Wear,train
Perda_material_P1P4 (87).wav,Base_de_Dados\Perda_material_P1P4\Perda_material_P1P4 (87).wav,Perda_material_P1P4,1,Continuous_Friction_and_Wear,val
Perda_material_P1P4 (88).wav,Base_de_Dados\Perda_material_P1P4\Perda_material_P1P4 (88).wav,Perda_material_P1P4,1,Continuous_Friction_and_Wear,test
Perda_material_P1P4 (89).wav,Base_de_Dados\Perda_material_P1P4\Perda_material_P1P4 (89).wav,Perda_material_P1P4,1,Continuous_Friction_and_Wear,val
Perda_material_P1P4 (9).wav,Base_de_Dados\Perda_material_P1P4\Perda_material_P1P4 (9).wav,Perda_material_P1P4,1,Continuous_Friction_and_Wear,test
Perda_material_P1P4 (90).wav,Base_de_Dados\Perda_material_P1P4\Perda_material_P1P4 (90).wav,Perda_material_P1P4,1,Continuous_Friction_and_Wear,train
Perda_material_P1P4 (91).wav,Base_de_Dados\Perda_material_P1P4\Perda_material_P1P4 (91).wav,Perda_material_P1P4,1,Continuous_Friction_and_Wear,val
Perda_material_P1P4 (92).wav,Base_de_Dados\Perda_material_P1P4\Perda_material_P1P4 (92).wav,Perda_material_P1P4,1,Continuous_Friction_and_Wear,train
Perda_material_P1P4 (93).wav,Base_de_Dados\Perda_material_P1P4\Perda_material_P1P4 (93).wav,Perda_material_P1P4,1,Continuous_Friction_and_Wear,train
Perda_material_P1P4 (94).wav,Base_de_Dados\Perda_material_P1P4\Perda_material_P1P4 (94).wav,Perda_material_P1P4,1,Continuous_Friction_and_Wear,train
Perda_material_P1P4 (95).wav,Base_de_Dados\Perda_material_P1P4\Perda_material_P1P4 (95).wav,Perda_material_P1P4,1,Continuous_Friction_and_Wear,train
Perda_material_P1P4 (96).wav,Base_de_Dados\Perda_material_P1P4\Perda_material_P1P4 (96).wav,Perda_material_P1P4,1,Continuous_Friction_and_Wear,val
Perda_material_P1P4 (97).wav,Base_de_Dados\Perda_material_P1P4\Perda_material_P1P4 (97).wav,Perda_material_P1P4,1,Continuous_Friction_and_Wear,train
Perda_material_P1P4 (98).wav,Base_de_Dados\Perda_material_P1P4\Perda_material_P1P4 (98).wav,Perda_material_P1P4,1,Continuous_Friction_and_Wear,train
Perda_material_P1P4 (99).wav,Base_de_Dados\Perda_material_P1P4\Perda_material_P1P4 (99).wav,Perda_material_P1P4,1,Continuous_Friction_and_Wear,train
Sem_P1_1.wav,Base_de_Dados\Sem_P1\Sem_P1_1.wav,Sem_P1,2,Impulsive_Shocks_and_Structural,train
Sem_P1_10.wav,Base_de_Dados\Sem_P1\Sem_P1_10.wav,Sem_P1,2,Impulsive_Shocks_and_Structural,train
Sem_P1_100.wav,Base_de_Dados\Sem_P1\Sem_P1_100.wav,Sem_P1,2,Impulsive_Shocks_and_Structural,train
Sem_P1_101.wav,Base_de_Dados\Sem_P1\Sem_P1_101.wav,Sem_P1,2,Impulsive_Shocks_and_Structural,train
Sem_P1_102.wav,Base_de_Dados\Sem_P1\Sem_P1_102.wav,Sem_P1,2,Impulsive_Shocks_and_Structural,train
Sem_P1_103.wav,Base_de_Dados\Sem_P1\Sem_P1_103.wav,Sem_P1,2,Impulsive_Shocks_and_Structural,train
Sem_P1_104.wav,Base_de_Dados\Sem_P1\Sem_P1_104.wav,Sem_P1,2,Impulsive_Shocks_and_Structural,train
Sem_P1_105.wav,Base_de_Dados\Sem_P1\Sem_P1_105.wav,Sem_P1,2,Impulsive_Shocks_and_Structural,train
Sem_P1_106.wav,Base_de_Dados\Sem_P1\Sem_P1_106.wav,Sem_P1,2,Impulsive_Shocks_and_Structural,train
Sem_P1_107.wav,Base_de_Dados\Sem_P1\Sem_P1_107.wav,Sem_P1,2,Impulsive_Shocks_and_Structural,train
Sem_P1_108.wav,Base_de_Dados\Sem_P1\Sem_P1_108.wav,Sem_P1,2,Impulsive_Shocks_and_Structural,test
Sem_P1_109.wav,Base_de_Dados\Sem_P1\Sem_P1_109.wav,Sem_P1,2,Impulsive_Shocks_and_Structural,train
Sem_P1_11.wav,Base_de_Dados\Sem_P1\Sem_P1_11.wav,Sem_P1,2,Impulsive_Shocks_and_Structural,train
Sem_P1_110.wav,Base_de_Dados\Sem_P1\Sem_P1_110.wav,Sem_P1,2,Impulsive_Shocks_and_Structural,train
Sem_P1_111.wav,Base_de_Dados\Sem_P1\Sem_P1_111.wav,Sem_P1,2,Impulsive_Shocks_and_Structural,test
Sem_P1_112.wav,Base_de_Dados\Sem_P1\Sem_P1_112.wav,Sem_P1,2,Impulsive_Shocks_and_Structural,val
Sem_P1_113.wav,Base_de_Dados\Sem_P1\Sem_P1_113.wav,Sem_P1,2,Impulsive_Shocks_and_Structural,train
Sem_P1_114.wav,Base_de_Dados\Sem_P1\Sem_P1_114.wav,Sem_P1,2,Impulsive_Shocks_and_Structural,val
Sem_P1_115.wav,Base_de_Dados\Sem_P1\Sem_P1_115.wav,Sem_P1,2,Impulsive_Shocks_and_Structural,val
Sem_P1_116.wav,Base_de_Dados\Sem_P1\Sem_P1_116.wav,Sem_P1,2,Impulsive_Shocks_and_Structural,val
Sem_P1_117.wav,Base_de_Dados\Sem_P1\Sem_P1_117.wav,Sem_P1,2,Impulsive_Shocks_and_Structural,test
Sem_P1_118.wav,Base_de_Dados\Sem_P1\Sem_P1_118.wav,Sem_P1,2,Impulsive_Shocks_and_Structural,train
Sem_P1_119.wav,Base_de_Dados\Sem_P1\Sem_P1_119.wav,Sem_P1,2,Impulsive_Shocks_and_Structural,train
Sem_P1_12.wav,Base_de_Dados\Sem_P1\Sem_P1_12.wav,Sem_P1,2,Impulsive_Shocks_and_Structural,train
Sem_P1_120.wav,Base_de_Dados\Sem_P1\Sem_P1_120.wav,Sem_P1,2,Impulsive_Shocks_and_Structural,train
Sem_P1_121.wav,Base_de_Dados\Sem_P1\Sem_P1_121.wav,Sem_P1,2,Impulsive_Shocks_and_Structural,train
Sem_P1_122.wav,Base_de_Dados\Sem_P1\Sem_P1_122.wav,Sem_P1,2,Impulsive_Shocks_and_Structural,train
Sem_P1_123.wav,Base_de_Dados\Sem_P1\Sem_P1_123.wav,Sem_P1,2,Impulsive_Shocks_and_Structural,train
Sem_P1_124.wav,Base_de_Dados\Sem_P1\Sem_P1_124.wav,Sem_P1,2,Impulsive_Shocks_and_Structural,train
Sem_P1_125.wav,Base_de_Dados\Sem_P1\Sem_P1_125.wav,Sem_P1,2,Impulsive_Shocks_and_Structural,train
Sem_P1_126.wav,Base_de_Dados\Sem_P1\Sem_P1_126.wav,Sem_P1,2,Impulsive_Shocks_and_Structural,train
Sem_P1_127.wav,Base_de_Dados\Sem_P1\Sem_P1_127.wav,Sem_P1,2,Impulsive_Shocks_and_Structural,train
Sem_P1_128.wav,Base_de_Dados\Sem_P1\Sem_P1_128.wav,Sem_P1,2,Impulsive_Shocks_and_Structural,train
Sem_P1_129.wav,Base_de_Dados\Sem_P1\Sem_P1_129.wav,Sem_P1,2,Impulsive_Shocks_and_Structural,train
Sem_P1_13.wav,Base_de_Dados\Sem_P1\Sem_P1_13.wav,Sem_P1,2,Impulsive_Shocks_and_Structural,train
Sem_P1_130.wav,Base_de_Dados\Sem_P1\Sem_P1_130.wav,Sem_P1,2,Impulsive_Shocks_and_Structural,train
Sem_P1_131.wav,Base_de_Dados\Sem_P1\Sem_P1_131.wav,Sem_P1,2,Impulsive_Shocks_and_Structural,train
Sem_P1_132.wav,Base_de_Dados\Sem_P1\Sem_P1_132.wav,Sem_P1,2,Impulsive_Shocks_and_Structural,train
Sem_P1_133.wav,Base_de_Dados\Sem_P1\Sem_P1_133.wav,Sem_P1,2,Impulsive_Shocks_and_Structural,test
Sem_P1_134.wav,Base_de_Dados\Sem_P1\Sem_P1_134.wav,Sem_P1,2,Impulsive_Shocks_and_Structural,train
Sem_P1_135.wav,Base_de_Dados\Sem_P1\Sem_P1_135.wav,Sem_P1,2,Impulsive_Shocks_and_Structural,train
Sem_P1_136.wav,Base_de_Dados\Sem_P1\Sem_P1_136.wav,Sem_P1,2,Impulsive_Shocks_and_Structural,test
Sem_P1_137.wav,Base_de_Dados\Sem_P1\Sem_P1_137.wav,Sem_P1,2,Impulsive_Shocks_and_Structural,train
Sem_P1_138.wav,Base_de_Dados\Sem_P1\Sem_P1_138.wav,Sem_P1,2,Impulsive_Shocks_and_Structural,val
Sem_P1_139.wav,Base_de_Dados\Sem_P1\Sem_P1_139.wav,Sem_P1,2,Impulsive_Shocks_and_Structural,val
Sem_P1_14.wav,Base_de_Dados\Sem_P1\Sem_P1_14.wav,Sem_P1,2,Impulsive_Shocks_and_Structural,train
Sem_P1_140.wav,Base_de_Dados\Sem_P1\Sem_P1_140.wav,Sem_P1,2,Impulsive_Shocks_and_Structural,train
Sem_P1_141.wav,Base_de_Dados\Sem_P1\Sem_P1_141.wav,Sem_P1,2,Impulsive_Shocks_and_Structural,val
Sem_P1_142.wav,Base_de_Dados\Sem_P1\Sem_P1_142.wav,Sem_P1,2,Impulsive_Shocks_and_Structural,val
Sem_P1_143.wav,Base_de_Dados\Sem_P1\Sem_P1_143.wav,Sem_P1,2,Impulsive_Shocks_and_Structural,train
Sem_P1_144.wav,Base_de_Dados\Sem_P1\Sem_P1_144.wav,Sem_P1,2,Impulsive_Shocks_and_Structural,test
Sem_P1_145.wav,Base_de_Dados\Sem_P1\Sem_P1_145.wav,Sem_P1,2,Impulsive_Shocks_and_Structural,train
Sem_P1_146.wav,Base_de_Dados\Sem_P1\Sem_P1_146.wav,Sem_P1,2,Impulsive_Shocks_and_Structural,train
Sem_P1_147.wav,Base_de_Dados\Sem_P1\Sem_P1_147.wav,Sem_P1,2,Impulsive_Shocks_and_Structural,train
Sem_P1_148.wav,Base_de_Dados\Sem_P1\Sem_P1_148.wav,Sem_P1,2,Impulsive_Shocks_and_Structural,val
Sem_P1_149.wav,Base_de_Dados\Sem_P1\Sem_P1_149.wav,Sem_P1,2,Impulsive_Shocks_and_Structural,test
Sem_P1_15.wav,Base_de_Dados\Sem_P1\Sem_P1_15.wav,Sem_P1,2,Impulsive_Shocks_and_Structural,val
Sem_P1_150.wav,Base_de_Dados\Sem_P1\Sem_P1_150.wav,Sem_P1,2,Impulsive_Shocks_and_Structural,train
Sem_P1_151.wav,Base_de_Dados\Sem_P1\Sem_P1_151.wav,Sem_P1,2,Impulsive_Shocks_and_Structural,train
Sem_P1_152.wav,Base_de_Dados\Sem_P1\Sem_P1_152.wav,Sem_P1,2,Impulsive_Shocks_and_Structural,val
Sem_P1_153.wav,Base_de_Dados\Sem_P1\Sem_P1_153.wav,Sem_P1,2,Impulsive_Shocks_and_Structural,train
Sem_P1_154.wav,Base_de_Dados\Sem_P1\Sem_P1_154.wav,Sem_P1,2,Impulsive_Shocks_and_Structural,test
Sem_P1_155.wav,Base_de_Dados\Sem_P1\Sem_P1_155.wav,Sem_P1,2,Impulsive_Shocks_and_Structural,train
Sem_P1_156.wav,Base_de_Dados\Sem_P1\Sem_P1_156.wav,Sem_P1,2,Impulsive_Shocks_and_Structural,val
Sem_P1_157.wav,Base_de_Dados\Sem_P1\Sem_P1_157.wav,Sem_P1,2,Impulsive_Shocks_and_Structural,train
Sem_P1_158.wav,Base_de_Dados\Sem_P1\Sem_P1_158.wav,Sem_P1,2,Impulsive_Shocks_and_Structural,train
Sem_P1_159.wav,Base_de_Dados\Sem_P1\Sem_P1_159.wav,Sem_P1,2,Impulsive_Shocks_and_Structural,test
Sem_P1_16.wav,Base_de_Dados\Sem_P1\Sem_P1_16.wav,Sem_P1,2,Impulsive_Shocks_and_Structural,train
Sem_P1_160.wav,Base_de_Dados\Sem_P1\Sem_P1_160.wav,Sem_P1,2,Impulsive_Shocks_and_Structural,train
Sem_P1_161.wav,Base_de_Dados\Sem_P1\Sem_P1_161.wav,Sem_P1,2,Impulsive_Shocks_and_Structural,train
Sem_P1_162.wav,Base_de_Dados\Sem_P1\Sem_P1_162.wav,Sem_P1,2,Impulsive_Shocks_and_Structural,val
Sem_P1_163.wav,Base_de_Dados\Sem_P1\Sem_P1_163.wav,Sem_P1,2,Impulsive_Shocks_and_Structural,test
Sem_P1_164.wav,Base_de_Dados\Sem_P1\Sem_P1_164.wav,Sem_P1,2,Impulsive_Shocks_and_Structural,test
Sem_P1_165.wav,Base_de_Dados\Sem_P1\Sem_P1_165.wav,Sem_P1,2,Impulsive_Shocks_and_Structural,train
Sem_P1_166.wav,Base_de_Dados\Sem_P1\Sem_P1_166.wav,Sem_P1,2,Impulsive_Shocks_and_Structural,train
Sem_P1_167.wav,Base_de_Dados\Sem_P1\Sem_P1_167.wav,Sem_P1,2,Impulsive_Shocks_and_Structural,train
Sem_P1_168.wav,Base_de_Dados\Sem_P1\Sem_P1_168.wav,Sem_P1,2,Impulsive_Shocks_and_Structural,val
Sem_P1_169.wav,Base_de_Dados\Sem_P1\Sem_P1_169.wav,Sem_P1,2,Impulsive_Shocks_and_Structural,train
Sem_P1_17.wav,Base_de_Dados\Sem_P1\Sem_P1_17.wav,Sem_P1,2,Impulsive_Shocks_and_Structural,test
Sem_P1_170.wav,Base_de_Dados\Sem_P1\Sem_P1_170.wav,Sem_P1,2,Impulsive_Shocks_and_Structural,train
Sem_P1_171.wav,Base_de_Dados\Sem_P1\Sem_P1_171.wav,Sem_P1,2,Impulsive_Shocks_and_Structural,train
Sem_P1_172.wav,Base_de_Dados\Sem_P1\Sem_P1_172.wav,Sem_P1,2,Impulsive_Shocks_and_Structural,train
Sem_P1_173.wav,Base_de_Dados\Sem_P1\Sem_P1_173.wav,Sem_P1,2,Impulsive_Shocks_and_Structural,train
Sem_P1_174.wav,Base_de_Dados\Sem_P1\Sem_P1_174.wav,Sem_P1,2,Impulsive_Shocks_and_Structural,train
Sem_P1_175.wav,Base_de_Dados\Sem_P1\Sem_P1_175.wav,Sem_P1,2,Impulsive_Shocks_and_Structural,val
Sem_P1_176.wav,Base_de_Dados\Sem_P1\Sem_P1_176.wav,Sem_P1,2,Impulsive_Shocks_and_Structural,test
Sem_P1_177.wav,Base_de_Dados\Sem_P1\Sem_P1_177.wav,Sem_P1,2,Impulsive_Shocks_and_Structural,test
Sem_P1_178.wav,Base_de_Dados\Sem_P1\Sem_P1_178.wav,Sem_P1,2,Impulsive_Shocks_and_Structural,train
Sem_P1_179.wav,Base_de_Dados\Sem_P1\Sem_P1_179.wav,Sem_P1,2,Impulsive_Shocks_and_Structural,train
Sem_P1_18.wav,Base_de_Dados\Sem_P1\Sem_P1_18.wav,Sem_P1,2,Impulsive_Shocks_and_Structural,train
Sem_P1_19.wav,Base_de_Dados\Sem_P1\Sem_P1_19.wav,Sem_P1,2,Impulsive_Shocks_and_Structural,train
Sem_P1_2.wav,Base_de_Dados\Sem_P1\Sem_P1_2.wav,Sem_P1,2,Impulsive_Shocks_and_Structural,test
Sem_P1_20.wav,Base_de_Dados\Sem_P1\Sem_P1_20.wav,Sem_P1,2,Impulsive_Shocks_and_Structural,train
Sem_P1_21.wav,Base_de_Dados\Sem_P1\Sem_P1_21.wav,Sem_P1,2,Impulsive_Shocks_and_Structural,train
Sem_P1_22.wav,Base_de_Dados\Sem_P1\Sem_P1_22.wav,Sem_P1,2,Impulsive_Shocks_and_Structural,test
Sem_P1_23.wav,Base_de_Dados\Sem_P1\Sem_P1_23.wav,Sem_P1,2,Impulsive_Shocks_and_Structural,train
Sem_P1_24.wav,Base_de_Dados\Sem_P1\Sem_P1_24.wav,Sem_P1,2,Impulsive_Shocks_and_Structural,test
Sem_P1_25.wav,Base_de_Dados\Sem_P1\Sem_P1_25.wav,Sem_P1,2,Impulsive_Shocks_and_Structural,train
Sem_P1_26.wav,Base_de_Dados\Sem_P1\Sem_P1_26.wav,Sem_P1,2,Impulsive_Shocks_and_Structural,train
Sem_P1_27.wav,Base_de_Dados\Sem_P1\Sem_P1_27.wav,Sem_P1,2,Impulsive_Shocks_and_Structural,train
Sem_P1_28.wav,Base_de_Dados\Sem_P1\Sem_P1_28.wav,Sem_P1,2,Impulsive_Shocks_and_Structural,train
Sem_P1_29.wav,Base_de_Dados\Sem_P1\Sem_P1_29.wav,Sem_P1,2,Impulsive_Shocks_and_Structural,train
Sem_P1_3.wav,Base_de_Dados\Sem_P1\Sem_P1_3.wav,Sem_P1,2,Impulsive_Shocks_and_Structural,train
Sem_P1_30.wav,Base_de_Dados\Sem_P1\Sem_P1_30.wav,Sem_P1,2,Impulsive_Shocks_and_Structural,test
Sem_P1_31.wav,Base_de_Dados\Sem_P1\Sem_P1_31.wav,Sem_P1,2,Impulsive_Shocks_and_Structural,train
Sem_P1_32.wav,Base_de_Dados\Sem_P1\Sem_P1_32.wav,Sem_P1,2,Impulsive_Shocks_and_Structural,val
Sem_P1_33.wav,Base_de_Dados\Sem_P1\Sem_P1_33.wav,Sem_P1,2,Impulsive_Shocks_and_Structural,train
Sem_P1_34.wav,Base_de_Dados\Sem_P1\Sem_P1_34.wav,Sem_P1,2,Impulsive_Shocks_and_Structural,train
Sem_P1_35.wav,Base_de_Dados\Sem_P1\Sem_P1_35.wav,Sem_P1,2,Impulsive_Shocks_and_Structural,test
Sem_P1_36.wav,Base_de_Dados\Sem_P1\Sem_P1_36.wav,Sem_P1,2,Impulsive_Shocks_and_Structural,train
Sem_P1_37.wav,Base_de_Dados\Sem_P1\Sem_P1_37.wav,Sem_P1,2,Impulsive_Shocks_and_Structural,train
Sem_P1_38.wav,Base_de_Dados\Sem_P1\Sem_P1_38.wav,Sem_P1,2,Impulsive_Shocks_and_Structural,val
Sem_P1_39.wav,Base_de_Dados\Sem_P1\Sem_P1_39.wav,Sem_P1,2,Impulsive_Shocks_and_Structural,train
Sem_P1_4.wav,Base_de_Dados\Sem_P1\Sem_P1_4.wav,Sem_P1,2,Impulsive_Shocks_and_Structural,train
Sem_P1_40.wav,Base_de_Dados\Sem_P1\Sem_P1_40.wav,Sem_P1,2,Impulsive_Shocks_and_Structural,train
Sem_P1_41.wav,Base_de_Dados\Sem_P1\Sem_P1_41.wav,Sem_P1,2,Impulsive_Shocks_and_Structural,train
Sem_P1_42.wav,Base_de_Dados\Sem_P1\Sem_P1_42.wav,Sem_P1,2,Impulsive_Shocks_and_Structural,train
Sem_P1_43.wav,Base_de_Dados\Sem_P1\Sem_P1_43.wav,Sem_P1,2,Impulsive_Shocks_and_Structural,val
Sem_P1_44.wav,Base_de_Dados\Sem_P1\Sem_P1_44.wav,Sem_P1,2,Impulsive_Shocks_and_Structural,train
Sem_P1_45.wav,Base_de_Dados\Sem_P1\Sem_P1_45.wav,Sem_P1,2,Impulsive_Shocks_and_Structural,train
Sem_P1_46.wav,Base_de_Dados\Sem_P1\Sem_P1_46.wav,Sem_P1,2,Impulsive_Shocks_and_Structural,train
Sem_P1_47.wav,Base_de_Dados\Sem_P1\Sem_P1_47.wav,Sem_P1,2,Impulsive_Shocks_and_Structural,train
Sem_P1_48.wav,Base_de_Dados\Sem_P1\Sem_P1_48.wav,Sem_P1,2,Impulsive_Shocks_and_Structural,train
Sem_P1_49.wav,Base_de_Dados\Sem_P1\Sem_P1_49.wav,Sem_P1,2,Impulsive_Shocks_and_Structural,train
Sem_P1_5.wav,Base_de_Dados\Sem_P1\Sem_P1_5.wav,Sem_P1,2,Impulsive_Shocks_and_Structural,train
Sem_P1_50.wav,Base_de_Dados\Sem_P1\Sem_P1_50.wav,Sem_P1,2,Impulsive_Shocks_and_Structural,val
Sem_P1_51.wav,Base_de_Dados\Sem_P1\Sem_P1_51.wav,Sem_P1,2,Impulsive_Shocks_and_Structural,test
Sem_P1_52.wav,Base_de_Dados\Sem_P1\Sem_P1_52.wav,Sem_P1,2,Impulsive_Shocks_and_Structural,train
Sem_P1_53.wav,Base_de_Dados\Sem_P1\Sem_P1_53.wav,Sem_P1,2,Impulsive_Shocks_and_Structural,test
Sem_P1_54.wav,Base_de_Dados\Sem_P1\Sem_P1_54.wav,Sem_P1,2,Impulsive_Shocks_and_Structural,train
Sem_P1_55.wav,Base_de_Dados\Sem_P1\Sem_P1_55.wav,Sem_P1,2,Impulsive_Shocks_and_Structural,train
Sem_P1_56.wav,Base_de_Dados\Sem_P1\Sem_P1_56.wav,Sem_P1,2,Impulsive_Shocks_and_Structural,val
Sem_P1_57.wav,Base_de_Dados\Sem_P1\Sem_P1_57.wav,Sem_P1,2,Impulsive_Shocks_and_Structural,train
Sem_P1_58.wav,Base_de_Dados\Sem_P1\Sem_P1_58.wav,Sem_P1,2,Impulsive_Shocks_and_Structural,train
Sem_P1_59.wav,Base_de_Dados\Sem_P1\Sem_P1_59.wav,Sem_P1,2,Impulsive_Shocks_and_Structural,train
Sem_P1_6.wav,Base_de_Dados\Sem_P1\Sem_P1_6.wav,Sem_P1,2,Impulsive_Shocks_and_Structural,test
Sem_P1_60.wav,Base_de_Dados\Sem_P1\Sem_P1_60.wav,Sem_P1,2,Impulsive_Shocks_and_Structural,train
Sem_P1_61.wav,Base_de_Dados\Sem_P1\Sem_P1_61.wav,Sem_P1,2,Impulsive_Shocks_and_Structural,train
Sem_P1_62.wav,Base_de_Dados\Sem_P1\Sem_P1_62.wav,Sem_P1,2,Impulsive_Shocks_and_Structural,test
Sem_P1_63.wav,Base_de_Dados\Sem_P1\Sem_P1_63.wav,Sem_P1,2,Impulsive_Shocks_and_Structural,test
Sem_P1_64.wav,Base_de_Dados\Sem_P1\Sem_P1_64.wav,Sem_P1,2,Impulsive_Shocks_and_Structural,train
Sem_P1_65.wav,Base_de_Dados\Sem_P1\Sem_P1_65.wav,Sem_P1,2,Impulsive_Shocks_and_Structural,train
Sem_P1_66.wav,Base_de_Dados\Sem_P1\Sem_P1_66.wav,Sem_P1,2,Impulsive_Shocks_and_Structural,train
Sem_P1_67.wav,Base_de_Dados\Sem_P1\Sem_P1_67.wav,Sem_P1,2,Impulsive_Shocks_and_Structural,val
Sem_P1_68.wav,Base_de_Dados\Sem_P1\Sem_P1_68.wav,Sem_P1,2,Impulsive_Shocks_and_Structural,train
Sem_P1_69.wav,Base_de_Dados\Sem_P1\Sem_P1_69.wav,Sem_P1,2,Impulsive_Shocks_and_Structural,train
Sem_P1_7.wav,Base_de_Dados\Sem_P1\Sem_P1_7.wav,Sem_P1,2,Impulsive_Shocks_and_Structural,val
Sem_P1_70.wav,Base_de_Dados\Sem_P1\Sem_P1_70.wav,Sem_P1,2,Impulsive_Shocks_and_Structural,test
Sem_P1_71.wav,Base_de_Dados\Sem_P1\Sem_P1_71.wav,Sem_P1,2,Impulsive_Shocks_and_Structural,val
Sem_P1_72.wav,Base_de_Dados\Sem_P1\Sem_P1_72.wav,Sem_P1,2,Impulsive_Shocks_and_Structural,train
Sem_P1_73.wav,Base_de_Dados\Sem_P1\Sem_P1_73.wav,Sem_P1,2,Impulsive_Shocks_and_Structural,train
Sem_P1_74.wav,Base_de_Dados\Sem_P1\Sem_P1_74.wav,Sem_P1,2,Impulsive_Shocks_and_Structural,val
Sem_P1_75.wav,Base_de_Dados\Sem_P1\Sem_P1_75.wav,Sem_P1,2,Impulsive_Shocks_and_Structural,train
Sem_P1_76.wav,Base_de_Dados\Sem_P1\Sem_P1_76.wav,Sem_P1,2,Impulsive_Shocks_and_Structural,train
Sem_P1_77.wav,Base_de_Dados\Sem_P1\Sem_P1_77.wav,Sem_P1,2,Impulsive_Shocks_and_Structural,train
Sem_P1_78.wav,Base_de_Dados\Sem_P1\Sem_P1_78.wav,Sem_P1,2,Impulsive_Shocks_and_Structural,test
Sem_P1_79.wav,Base_de_Dados\Sem_P1\Sem_P1_79.wav,Sem_P1,2,Impulsive_Shocks_and_Structural,train
Sem_P1_8.wav,Base_de_Dados\Sem_P1\Sem_P1_8.wav,Sem_P1,2,Impulsive_Shocks_and_Structural,train
Sem_P1_80.wav,Base_de_Dados\Sem_P1\Sem_P1_80.wav,Sem_P1,2,Impulsive_Shocks_and_Structural,val
Sem_P1_81.wav,Base_de_Dados\Sem_P1\Sem_P1_81.wav,Sem_P1,2,Impulsive_Shocks_and_Structural,train
Sem_P1_82.wav,Base_de_Dados\Sem_P1\Sem_P1_82.wav,Sem_P1,2,Impulsive_Shocks_and_Structural,val
Sem_P1_83.wav,Base_de_Dados\Sem_P1\Sem_P1_83.wav,Sem_P1,2,Impulsive_Shocks_and_Structural,train
Sem_P1_84.wav,Base_de_Dados\Sem_P1\Sem_P1_84.wav,Sem_P1,2,Impulsive_Shocks_and_Structural,test
Sem_P1_85.wav,Base_de_Dados\Sem_P1\Sem_P1_85.wav,Sem_P1,2,Impulsive_Shocks_and_Structural,val
Sem_P1_86.wav,Base_de_Dados\Sem_P1\Sem_P1_86.wav,Sem_P1,2,Impulsive_Shocks_and_Structural,test
Sem_P1_87.wav,Base_de_Dados\Sem_P1\Sem_P1_87.wav,Sem_P1,2,Impulsive_Shocks_and_Structural,train
Sem_P1_88.wav,Base_de_Dados\Sem_P1\Sem_P1_88.wav,Sem_P1,2,Impulsive_Shocks_and_Structural,train
Sem_P1_89.wav,Base_de_Dados\Sem_P1\Sem_P1_89.wav,Sem_P1,2,Impulsive_Shocks_and_Structural,test
Sem_P1_9.wav,Base_de_Dados\Sem_P1\Sem_P1_9.wav,Sem_P1,2,Impulsive_Shocks_and_Structural,train
Sem_P1_90.wav,Base_de_Dados\Sem_P1\Sem_P1_90.wav,Sem_P1,2,Impulsive_Shocks_and_Structural,test
Sem_P1_91.wav,Base_de_Dados\Sem_P1\Sem_P1_91.wav,Sem_P1,2,Impulsive_Shocks_and_Structural,train
Sem_P1_92.wav,Base_de_Dados\Sem_P1\Sem_P1_92.wav,Sem_P1,2,Impulsive_Shocks_and_Structural,test
Sem_P1_93.wav,Base_de_Dados\Sem_P1\Sem_P1_93.wav,Sem_P1,2,Impulsive_Shocks_and_Structural,train
Sem_P1_94.wav,Base_de_Dados\Sem_P1\Sem_P1_94.wav,Sem_P1,2,Impulsive_Shocks_and_Structural,train
Sem_P1_95.wav,Base_de_Dados\Sem_P1\Sem_P1_95.wav,Sem_P1,2,Impulsive_Shocks_and_Structural,val
Sem_P1_96.wav,Base_de_Dados\Sem_P1\Sem_P1_96.wav,Sem_P1,2,Impulsive_Shocks_and_Structural,test
Sem_P1_97.wav,Base_de_Dados\Sem_P1\Sem_P1_97.wav,Sem_P1,2,Impulsive_Shocks_and_Structural,test
Sem_P1_98.wav,Base_de_Dados\Sem_P1\Sem_P1_98.wav,Sem_P1,2,Impulsive_Shocks_and_Structural,val
Sem_P1_99.wav,Base_de_Dados\Sem_P1\Sem_P1_99.wav,Sem_P1,2,Impulsive_Shocks_and_Structural,train
Sem_P1P4_1.wav,Base_de_Dados\Sem_P1P4\Sem_P1P4_1.wav,Sem_P1P4,2,Impulsive_Shocks_and_Structural,train
Sem_P1P4_10.wav,Base_de_Dados\Sem_P1P4\Sem_P1P4_10.wav,Sem_P1P4,2,Impulsive_Shocks_and_Structural,train
Sem_P1P4_100.wav,Base_de_Dados\Sem_P1P4\Sem_P1P4_100.wav,Sem_P1P4,2,Impulsive_Shocks_and_Structural,train
Sem_P1P4_101.wav,Base_de_Dados\Sem_P1P4\Sem_P1P4_101.wav,Sem_P1P4,2,Impulsive_Shocks_and_Structural,train
Sem_P1P4_102.wav,Base_de_Dados\Sem_P1P4\Sem_P1P4_102.wav,Sem_P1P4,2,Impulsive_Shocks_and_Structural,test
Sem_P1P4_103.wav,Base_de_Dados\Sem_P1P4\Sem_P1P4_103.wav,Sem_P1P4,2,Impulsive_Shocks_and_Structural,val
Sem_P1P4_104.wav,Base_de_Dados\Sem_P1P4\Sem_P1P4_104.wav,Sem_P1P4,2,Impulsive_Shocks_and_Structural,train
Sem_P1P4_105.wav,Base_de_Dados\Sem_P1P4\Sem_P1P4_105.wav,Sem_P1P4,2,Impulsive_Shocks_and_Structural,train
Sem_P1P4_106.wav,Base_de_Dados\Sem_P1P4\Sem_P1P4_106.wav,Sem_P1P4,2,Impulsive_Shocks_and_Structural,train
Sem_P1P4_107.wav,Base_de_Dados\Sem_P1P4\Sem_P1P4_107.wav,Sem_P1P4,2,Impulsive_Shocks_and_Structural,train
Sem_P1P4_108.wav,Base_de_Dados\Sem_P1P4\Sem_P1P4_108.wav,Sem_P1P4,2,Impulsive_Shocks_and_Structural,test
Sem_P1P4_109.wav,Base_de_Dados\Sem_P1P4\Sem_P1P4_109.wav,Sem_P1P4,2,Impulsive_Shocks_and_Structural,train
Sem_P1P4_11.wav,Base_de_Dados\Sem_P1P4\Sem_P1P4_11.wav,Sem_P1P4,2,Impulsive_Shocks_and_Structural,train
Sem_P1P4_110.wav,Base_de_Dados\Sem_P1P4\Sem_P1P4_110.wav,Sem_P1P4,2,Impulsive_Shocks_and_Structural,val
Sem_P1P4_111.wav,Base_de_Dados\Sem_P1P4\Sem_P1P4_111.wav,Sem_P1P4,2,Impulsive_Shocks_and_Structural,test
Sem_P1P4_112.wav,Base_de_Dados\Sem_P1P4\Sem_P1P4_112.wav,Sem_P1P4,2,Impulsive_Shocks_and_Structural,train
Sem_P1P4_113.wav,Base_de_Dados\Sem_P1P4\Sem_P1P4_113.wav,Sem_P1P4,2,Impulsive_Shocks_and_Structural,train
Sem_P1P4_114.wav,Base_de_Dados\Sem_P1P4\Sem_P1P4_114.wav,Sem_P1P4,2,Impulsive_Shocks_and_Structural,test
Sem_P1P4_115.wav,Base_de_Dados\Sem_P1P4\Sem_P1P4_115.wav,Sem_P1P4,2,Impulsive_Shocks_and_Structural,test
Sem_P1P4_116.wav,Base_de_Dados\Sem_P1P4\Sem_P1P4_116.wav,Sem_P1P4,2,Impulsive_Shocks_and_Structural,test
Sem_P1P4_117.wav,Base_de_Dados\Sem_P1P4\Sem_P1P4_117.wav,Sem_P1P4,2,Impulsive_Shocks_and_Structural,train
Sem_P1P4_118.wav,Base_de_Dados\Sem_P1P4\Sem_P1P4_118.wav,Sem_P1P4,2,Impulsive_Shocks_and_Structural,train
Sem_P1P4_119.wav,Base_de_Dados\Sem_P1P4\Sem_P1P4_119.wav,Sem_P1P4,2,Impulsive_Shocks_and_Structural,test
Sem_P1P4_12.wav,Base_de_Dados\Sem_P1P4\Sem_P1P4_12.wav,Sem_P1P4,2,Impulsive_Shocks_and_Structural,train
Sem_P1P4_120.wav,Base_de_Dados\Sem_P1P4\Sem_P1P4_120.wav,Sem_P1P4,2,Impulsive_Shocks_and_Structural,train
Sem_P1P4_121.wav,Base_de_Dados\Sem_P1P4\Sem_P1P4_121.wav,Sem_P1P4,2,Impulsive_Shocks_and_Structural,train
Sem_P1P4_122.wav,Base_de_Dados\Sem_P1P4\Sem_P1P4_122.wav,Sem_P1P4,2,Impulsive_Shocks_and_Structural,val
Sem_P1P4_123.wav,Base_de_Dados\Sem_P1P4\Sem_P1P4_123.wav,Sem_P1P4,2,Impulsive_Shocks_and_Structural,test
Sem_P1P4_124.wav,Base_de_Dados\Sem_P1P4\Sem_P1P4_124.wav,Sem_P1P4,2,Impulsive_Shocks_and_Structural,train
Sem_P1P4_125.wav,Base_de_Dados\Sem_P1P4\Sem_P1P4_125.wav,Sem_P1P4,2,Impulsive_Shocks_and_Structural,test
Sem_P1P4_126.wav,Base_de_Dados\Sem_P1P4\Sem_P1P4_126.wav,Sem_P1P4,2,Impulsive_Shocks_and_Structural,train
Sem_P1P4_127.wav,Base_de_Dados\Sem_P1P4\Sem_P1P4_127.wav,Sem_P1P4,2,Impulsive_Shocks_and_Structural,train
Sem_P1P4_128.wav,Base_de_Dados\Sem_P1P4\Sem_P1P4_128.wav,Sem_P1P4,2,Impulsive_Shocks_and_Structural,test
Sem_P1P4_129.wav,Base_de_Dados\Sem_P1P4\Sem_P1P4_129.wav,Sem_P1P4,2,Impulsive_Shocks_and_Structural,train
Sem_P1P4_13.wav,Base_de_Dados\Sem_P1P4\Sem_P1P4_13.wav,Sem_P1P4,2,Impulsive_Shocks_and_Structural,val
Sem_P1P4_130.wav,Base_de_Dados\Sem_P1P4\Sem_P1P4_130.wav,Sem_P1P4,2,Impulsive_Shocks_and_Structural,train
Sem_P1P4_131.wav,Base_de_Dados\Sem_P1P4\Sem_P1P4_131.wav,Sem_P1P4,2,Impulsive_Shocks_and_Structural,train
Sem_P1P4_132.wav,Base_de_Dados\Sem_P1P4\Sem_P1P4_132.wav,Sem_P1P4,2,Impulsive_Shocks_and_Structural,train
Sem_P1P4_133.wav,Base_de_Dados\Sem_P1P4\Sem_P1P4_133.wav,Sem_P1P4,2,Impulsive_Shocks_and_Structural,train
Sem_P1P4_134.wav,Base_de_Dados\Sem_P1P4\Sem_P1P4_134.wav,Sem_P1P4,2,Impulsive_Shocks_and_Structural,val
Sem_P1P4_135.wav,Base_de_Dados\Sem_P1P4\Sem_P1P4_135.wav,Sem_P1P4,2,Impulsive_Shocks_and_Structural,train
Sem_P1P4_136.wav,Base_de_Dados\Sem_P1P4\Sem_P1P4_136.wav,Sem_P1P4,2,Impulsive_Shocks_and_Structural,test
Sem_P1P4_137.wav,Base_de_Dados\Sem_P1P4\Sem_P1P4_137.wav,Sem_P1P4,2,Impulsive_Shocks_and_Structural,val
Sem_P1P4_138.wav,Base_de_Dados\Sem_P1P4\Sem_P1P4_138.wav,Sem_P1P4,2,Impulsive_Shocks_and_Structural,train
Sem_P1P4_139.wav,Base_de_Dados\Sem_P1P4\Sem_P1P4_139.wav,Sem_P1P4,2,Impulsive_Shocks_and_Structural,test
Sem_P1P4_14.wav,Base_de_Dados\Sem_P1P4\Sem_P1P4_14.wav,Sem_P1P4,2,Impulsive_Shocks_and_Structural,train
Sem_P1P4_140.wav,Base_de_Dados\Sem_P1P4\Sem_P1P4_140.wav,Sem_P1P4,2,Impulsive_Shocks_and_Structural,train
Sem_P1P4_141.wav,Base_de_Dados\Sem_P1P4\Sem_P1P4_141.wav,Sem_P1P4,2,Impulsive_Shocks_and_Structural,train
Sem_P1P4_142.wav,Base_de_Dados\Sem_P1P4\Sem_P1P4_142.wav,Sem_P1P4,2,Impulsive_Shocks_and_Structural,test
Sem_P1P4_143.wav,Base_de_Dados\Sem_P1P4\Sem_P1P4_143.wav,Sem_P1P4,2,Impulsive_Shocks_and_Structural,train
Sem_P1P4_144.wav,Base_de_Dados\Sem_P1P4\Sem_P1P4_144.wav,Sem_P1P4,2,Impulsive_Shocks_and_Structural,test
Sem_P1P4_145.wav,Base_de_Dados\Sem_P1P4\Sem_P1P4_145.wav,Sem_P1P4,2,Impulsive_Shocks_and_Structural,train
Sem_P1P4_146.wav,Base_de_Dados\Sem_P1P4\Sem_P1P4_146.wav,Sem_P1P4,2,Impulsive_Shocks_and_Structural,train
Sem_P1P4_147.wav,Base_de_Dados\Sem_P1P4\Sem_P1P4_147.wav,Sem_P1P4,2,Impulsive_Shocks_and_Structural,train
Sem_P1P4_148.wav,Base_de_Dados\Sem_P1P4\Sem_P1P4_148.wav,Sem_P1P4,2,Impulsive_Shocks_and_Structural,train
Sem_P1P4_149.wav,Base_de_Dados\Sem_P1P4\Sem_P1P4_149.wav,Sem_P1P4,2,Impulsive_Shocks_and_Structural,train
Sem_P1P4_15.wav,Base_de_Dados\Sem_P1P4\Sem_P1P4_15.wav,Sem_P1P4,2,Impulsive_Shocks_and_Structural,train
Sem_P1P4_150.wav,Base_de_Dados\Sem_P1P4\Sem_P1P4_150.wav,Sem_P1P4,2,Impulsive_Shocks_and_Structural,val
Sem_P1P4_151.wav,Base_de_Dados\Sem_P1P4\Sem_P1P4_151.wav,Sem_P1P4,2,Impulsive_Shocks_and_Structural,test
Sem_P1P4_152.wav,Base_de_Dados\Sem_P1P4\Sem_P1P4_152.wav,Sem_P1P4,2,Impulsive_Shocks_and_Structural,train
Sem_P1P4_153.wav,Base_de_Dados\Sem_P1P4\Sem_P1P4_153.wav,Sem_P1P4,2,Impulsive_Shocks_and_Structural,train
Sem_P1P4_154.wav,Base_de_Dados\Sem_P1P4\Sem_P1P4_154.wav,Sem_P1P4,2,Impulsive_Shocks_and_Structural,train
Sem_P1P4_155.wav,Base_de_Dados\Sem_P1P4\Sem_P1P4_155.wav,Sem_P1P4,2,Impulsive_Shocks_and_Structural,train
Sem_P1P4_156.wav,Base_de_Dados\Sem_P1P4\Sem_P1P4_156.wav,Sem_P1P4,2,Impulsive_Shocks_and_Structural,train
Sem_P1P4_157.wav,Base_de_Dados\Sem_P1P4\Sem_P1P4_157.wav,Sem_P1P4,2,Impulsive_Shocks_and_Structural,train
Sem_P1P4_158.wav,Base_de_Dados\Sem_P1P4\Sem_P1P4_158.wav,Sem_P1P4,2,Impulsive_Shocks_and_Structural,train
Sem_P1P4_159.wav,Base_de_Dados\Sem_P1P4\Sem_P1P4_159.wav,Sem_P1P4,2,Impulsive_Shocks_and_Structural,train
Sem_P1P4_16.wav,Base_de_Dados\Sem_P1P4\Sem_P1P4_16.wav,Sem_P1P4,2,Impulsive_Shocks_and_Structural,train
Sem_P1P4_160.wav,Base_de_Dados\Sem_P1P4\Sem_P1P4_160.wav,Sem_P1P4,2,Impulsive_Shocks_and_Structural,train
Sem_P1P4_161.wav,Base_de_Dados\Sem_P1P4\Sem_P1P4_161.wav,Sem_P1P4,2,Impulsive_Shocks_and_Structural,val
Sem_P1P4_162.wav,Base_de_Dados\Sem_P1P4\Sem_P1P4_162.wav,Sem_P1P4,2,Impulsive_Shocks_and_Structural,train
Sem_P1P4_163.wav,Base_de_Dados\Sem_P1P4\Sem_P1P4_163.wav,Sem_P1P4,2,Impulsive_Shocks_and_Structural,train
Sem_P1P4_164.wav,Base_de_Dados\Sem_P1P4\Sem_P1P4_164.wav,Sem_P1P4,2,Impulsive_Shocks_and_Structural,train
Sem_P1P4_165.wav,Base_de_Dados\Sem_P1P4\Sem_P1P4_165.wav,Sem_P1P4,2,Impulsive_Shocks_and_Structural,train
Sem_P1P4_166.wav,Base_de_Dados\Sem_P1P4\Sem_P1P4_166.wav,Sem_P1P4,2,Impulsive_Shocks_and_Structural,train
Sem_P1P4_167.wav,Base_de_Dados\Sem_P1P4\Sem_P1P4_167.wav,Sem_P1P4,2,Impulsive_Shocks_and_Structural,train
Sem_P1P4_168.wav,Base_de_Dados\Sem_P1P4\Sem_P1P4_168.wav,Sem_P1P4,2,Impulsive_Shocks_and_Structural,val
Sem_P1P4_169.wav,Base_de_Dados\Sem_P1P4\Sem_P1P4_169.wav,Sem_P1P4,2,Impulsive_Shocks_and_Structural,train
Sem_P1P4_17.wav,Base_de_Dados\Sem_P1P4\Sem_P1P4_17.wav,Sem_P1P4,2,Impulsive_Shocks_and_Structural,train
Sem_P1P4_170.wav,Base_de_Dados\Sem_P1P4\Sem_P1P4_170.wav,Sem_P1P4,2,Impulsive_Shocks_and_Structural,train
Sem_P1P4_171.wav,Base_de_Dados\Sem_P1P4\Sem_P1P4_171.wav,Sem_P1P4,2,Impulsive_Shocks_and_Structural,test
Sem_P1P4_172.wav,Base_de_Dados\Sem_P1P4\Sem_P1P4_172.wav,Sem_P1P4,2,Impulsive_Shocks_and_Structural,train
Sem_P1P4_173.wav,Base_de_Dados\Sem_P1P4\Sem_P1P4_173.wav,Sem_P1P4,2,Impulsive_Shocks_and_Structural,val
Sem_P1P4_174.wav,Base_de_Dados\Sem_P1P4\Sem_P1P4_174.wav,Sem_P1P4,2,Impulsive_Shocks_and_Structural,train
Sem_P1P4_175.wav,Base_de_Dados\Sem_P1P4\Sem_P1P4_175.wav,Sem_P1P4,2,Impulsive_Shocks_and_Structural,test
Sem_P1P4_176.wav,Base_de_Dados\Sem_P1P4\Sem_P1P4_176.wav,Sem_P1P4,2,Impulsive_Shocks_and_Structural,train
Sem_P1P4_177.wav,Base_de_Dados\Sem_P1P4\Sem_P1P4_177.wav,Sem_P1P4,2,Impulsive_Shocks_and_Structural,test
Sem_P1P4_178.wav,Base_de_Dados\Sem_P1P4\Sem_P1P4_178.wav,Sem_P1P4,2,Impulsive_Shocks_and_Structural,val
Sem_P1P4_179.wav,Base_de_Dados\Sem_P1P4\Sem_P1P4_179.wav,Sem_P1P4,2,Impulsive_Shocks_and_Structural,test
Sem_P1P4_18.wav,Base_de_Dados\Sem_P1P4\Sem_P1P4_18.wav,Sem_P1P4,2,Impulsive_Shocks_and_Structural,test
Sem_P1P4_19.wav,Base_de_Dados\Sem_P1P4\Sem_P1P4_19.wav,Sem_P1P4,2,Impulsive_Shocks_and_Structural,val
Sem_P1P4_2.wav,Base_de_Dados\Sem_P1P4\Sem_P1P4_2.wav,Sem_P1P4,2,Impulsive_Shocks_and_Structural,test
Sem_P1P4_20.wav,Base_de_Dados\Sem_P1P4\Sem_P1P4_20.wav,Sem_P1P4,2,Impulsive_Shocks_and_Structural,val
Sem_P1P4_21.wav,Base_de_Dados\Sem_P1P4\Sem_P1P4_21.wav,Sem_P1P4,2,Impulsive_Shocks_and_Structural,val
Sem_P1P4_22.wav,Base_de_Dados\Sem_P1P4\Sem_P1P4_22.wav,Sem_P1P4,2,Impulsive_Shocks_and_Structural,train
Sem_P1P4_23.wav,Base_de_Dados\Sem_P1P4\Sem_P1P4_23.wav,Sem_P1P4,2,Impulsive_Shocks_and_Structural,train
Sem_P1P4_24.wav,Base_de_Dados\Sem_P1P4\Sem_P1P4_24.wav,Sem_P1P4,2,Impulsive_Shocks_and_Structural,train
Sem_P1P4_25.wav,Base_de_Dados\Sem_P1P4\Sem_P1P4_25.wav,Sem_P1P4,2,Impulsive_Shocks_and_Structural,test
Sem_P1P4_26.wav,Base_de_Dados\Sem_P1P4\Sem_P1P4_26.wav,Sem_P1P4,2,Impulsive_Shocks_and_Structural,test
Sem_P1P4_27.wav,Base_de_Dados\Sem_P1P4\Sem_P1P4_27.wav,Sem_P1P4,2,Impulsive_Shocks_and_Structural,test
Sem_P1P4_28.wav,Base_de_Dados\Sem_P1P4\Sem_P1P4_28.wav,Sem_P1P4,2,Impulsive_Shocks_and_Structural,val
Sem_P1P4_29.wav,Base_de_Dados\Sem_P1P4\Sem_P1P4_29.wav,Sem_P1P4,2,Impulsive_Shocks_and_Structural,train
Sem_P1P4_3.wav,Base_de_Dados\Sem_P1P4\Sem_P1P4_3.wav,Sem_P1P4,2,Impulsive_Shocks_and_Structural,train
Sem_P1P4_30.wav,Base_de_Dados\Sem_P1P4\Sem_P1P4_30.wav,Sem_P1P4,2,Impulsive_Shocks_and_Structural,train
Sem_P1P4_31.wav,Base_de_Dados\Sem_P1P4\Sem_P1P4_31.wav,Sem_P1P4,2,Impulsive_Shocks_and_Structural,val
Sem_P1P4_32.wav,Base_de_Dados\Sem_P1P4\Sem_P1P4_32.wav,Sem_P1P4,2,Impulsive_Shocks_and_Structural,train
Sem_P1P4_33.wav,Base_de_Dados\Sem_P1P4\Sem_P1P4_33.wav,Sem_P1P4,2,Impulsive_Shocks_and_Structural,test
Sem_P1P4_34.wav,Base_de_Dados\Sem_P1P4\Sem_P1P4_34.wav,Sem_P1P4,2,Impulsive_Shocks_and_Structural,train
Sem_P1P4_35.wav,Base_de_Dados\Sem_P1P4\Sem_P1P4_35.wav,Sem_P1P4,2,Impulsive_Shocks_and_Structural,train
Sem_P1P4_36.wav,Base_de_Dados\Sem_P1P4\Sem_P1P4_36.wav,Sem_P1P4,2,Impulsive_Shocks_and_Structural,train
Sem_P1P4_37.wav,Base_de_Dados\Sem_P1P4\Sem_P1P4_37.wav,Sem_P1P4,2,Impulsive_Shocks_and_Structural,test
Sem_P1P4_38.wav,Base_de_Dados\Sem_P1P4\Sem_P1P4_38.wav,Sem_P1P4,2,Impulsive_Shocks_and_Structural,test
Sem_P1P4_39.wav,Base_de_Dados\Sem_P1P4\Sem_P1P4_39.wav,Sem_P1P4,2,Impulsive_Shocks_and_Structural,train
Sem_P1P4_4.wav,Base_de_Dados\Sem_P1P4\Sem_P1P4_4.wav,Sem_P1P4,2,Impulsive_Shocks_and_Structural,train
Sem_P1P4_40.wav,Base_de_Dados\Sem_P1P4\Sem_P1P4_40.wav,Sem_P1P4,2,Impulsive_Shocks_and_Structural,val
Sem_P1P4_41.wav,Base_de_Dados\Sem_P1P4\Sem_P1P4_41.wav,Sem_P1P4,2,Impulsive_Shocks_and_Structural,train
Sem_P1P4_42.wav,Base_de_Dados\Sem_P1P4\Sem_P1P4_42.wav,Sem_P1P4,2,Impulsive_Shocks_and_Structural,train
Sem_P1P4_43.wav,Base_de_Dados\Sem_P1P4\Sem_P1P4_43.wav,Sem_P1P4,2,Impulsive_Shocks_and_Structural,val
Sem_P1P4_44.wav,Base_de_Dados\Sem_P1P4\Sem_P1P4_44.wav,Sem_P1P4,2,Impulsive_Shocks_and_Structural,train
Sem_P1P4_45.wav,Base_de_Dados\Sem_P1P4\Sem_P1P4_45.wav,Sem_P1P4,2,Impulsive_Shocks_and_Structural,train
Sem_P1P4_46.wav,Base_de_Dados\Sem_P1P4\Sem_P1P4_46.wav,Sem_P1P4,2,Impulsive_Shocks_and_Structural,train
Sem_P1P4_47.wav,Base_de_Dados\Sem_P1P4\Sem_P1P4_47.wav,Sem_P1P4,2,Impulsive_Shocks_and_Structural,train
Sem_P1P4_48.wav,Base_de_Dados\Sem_P1P4\Sem_P1P4_48.wav,Sem_P1P4,2,Impulsive_Shocks_and_Structural,train
Sem_P1P4_49.wav,Base_de_Dados\Sem_P1P4\Sem_P1P4_49.wav,Sem_P1P4,2,Impulsive_Shocks_and_Structural,val
Sem_P1P4_5.wav,Base_de_Dados\Sem_P1P4\Sem_P1P4_5.wav,Sem_P1P4,2,Impulsive_Shocks_and_Structural,val
Sem_P1P4_50.wav,Base_de_Dados\Sem_P1P4\Sem_P1P4_50.wav,Sem_P1P4,2,Impulsive_Shocks_and_Structural,train
Sem_P1P4_51.wav,Base_de_Dados\Sem_P1P4\Sem_P1P4_51.wav,Sem_P1P4,2,Impulsive_Shocks_and_Structural,train
Sem_P1P4_52.wav,Base_de_Dados\Sem_P1P4\Sem_P1P4_52.wav,Sem_P1P4,2,Impulsive_Shocks_and_Structural,train
Sem_P1P4_53.wav,Base_de_Dados\Sem_P1P4\Sem_P1P4_53.wav,Sem_P1P4,2,Impulsive_Shocks_and_Structural,train
Sem_P1P4_54.wav,Base_de_Dados\Sem_P1P4\Sem_P1P4_54.wav,Sem_P1P4,2,Impulsive_Shocks_and_Structural,val
Sem_P1P4_55.wav,Base_de_Dados\Sem_P1P4\Sem_P1P4_55.wav,Sem_P1P4,2,Impulsive_Shocks_and_Structural,train
Sem_P1P4_56.wav,Base_de_Dados\Sem_P1P4\Sem_P1P4_56.wav,Sem_P1P4,2,Impulsive_Shocks_and_Structural,train
Sem_P1P4_57.wav,Base_de_Dados\Sem_P1P4\Sem_P1P4_57.wav,Sem_P1P4,2,Impulsive_Shocks_and_Structural,train
Sem_P1P4_58.wav,Base_de_Dados\Sem_P1P4\Sem_P1P4_58.wav,Sem_P1P4,2,Impulsive_Shocks_and_Structural,train
Sem_P1P4_59.wav,Base_de_Dados\Sem_P1P4\Sem_P1P4_59.wav,Sem_P1P4,2,Impulsive_Shocks_and_Structural,train
Sem_P1P4_6.wav,Base_de_Dados\Sem_P1P4\Sem_P1P4_6.wav,Sem_P1P4,2,Impulsive_Shocks_and_Structural,train
Sem_P1P4_60.wav,Base_de_Dados\Sem_P1P4\Sem_P1P4_60.wav,Sem_P1P4,2,Impulsive_Shocks_and_Structural,train
Sem_P1P4_61.wav,Base_de_Dados\Sem_P1P4\Sem_P1P4_61.wav,Sem_P1P4,2,Impulsive_Shocks_and_Structural,train
Sem_P1P4_62.wav,Base_de_Dados\Sem_P1P4\Sem_P1P4_62.wav,Sem_P1P4,2,Impulsive_Shocks_and_Structural,train
Sem_P1P4_63.wav,Base_de_Dados\Sem_P1P4\Sem_P1P4_63.wav,Sem_P1P4,2,Impulsive_Shocks_and_Structural,train
Sem_P1P4_64.wav,Base_de_Dados\Sem_P1P4\Sem_P1P4_64.wav,Sem_P1P4,2,Impulsive_Shocks_and_Structural,train
Sem_P1P4_65.wav,Base_de_Dados\Sem_P1P4\Sem_P1P4_65.wav,Sem_P1P4,2,Impulsive_Shocks_and_Structural,test
Sem_P1P4_66.wav,Base_de_Dados\Sem_P1P4\Sem_P1P4_66.wav,Sem_P1P4,2,Impulsive_Shocks_and_Structural,train
Sem_P1P4_67.wav,Base_de_Dados\Sem_P1P4\Sem_P1P4_67.wav,Sem_P1P4,2,Impulsive_Shocks_and_Structural,train
Sem_P1P4_68.wav,Base_de_Dados\Sem_P1P4\Sem_P1P4_68.wav,Sem_P1P4,2,Impulsive_Shocks_and_Structural,train
Sem_P1P4_69.wav,Base_de_Dados\Sem_P1P4\Sem_P1P4_69.wav,Sem_P1P4,2,Impulsive_Shocks_and_Structural,val
Sem_P1P4_7.wav,Base_de_Dados\Sem_P1P4\Sem_P1P4_7.wav,Sem_P1P4,2,Impulsive_Shocks_and_Structural,val
Sem_P1P4_70.wav,Base_de_Dados\Sem_P1P4\Sem_P1P4_70.wav,Sem_P1P4,2,Impulsive_Shocks_and_Structural,train
Sem_P1P4_71.wav,Base_de_Dados\Sem_P1P4\Sem_P1P4_71.wav,Sem_P1P4,2,Impulsive_Shocks_and_Structural,val
Sem_P1P4_72.wav,Base_de_Dados\Sem_P1P4\Sem_P1P4_72.wav,Sem_P1P4,2,Impulsive_Shocks_and_Structural,train
Sem_P1P4_73.wav,Base_de_Dados\Sem_P1P4\Sem_P1P4_73.wav,Sem_P1P4,2,Impulsive_Shocks_and_Structural,train
Sem_P1P4_74.wav,Base_de_Dados\Sem_P1P4\Sem_P1P4_74.wav,Sem_P1P4,2,Impulsive_Shocks_and_Structural,val
Sem_P1P4_75.wav,Base_de_Dados\Sem_P1P4\Sem_P1P4_75.wav,Sem_P1P4,2,Impulsive_Shocks_and_Structural,train
Sem_P1P4_76.wav,Base_de_Dados\Sem_P1P4\Sem_P1P4_76.wav,Sem_P1P4,2,Impulsive_Shocks_and_Structural,train
Sem_P1P4_77.wav,Base_de_Dados\Sem_P1P4\Sem_P1P4_77.wav,Sem_P1P4,2,Impulsive_Shocks_and_Structural,train
Sem_P1P4_78.wav,Base_de_Dados\Sem_P1P4\Sem_P1P4_78.wav,Sem_P1P4,2,Impulsive_Shocks_and_Structural,train
Sem_P1P4_79.wav,Base_de_Dados\Sem_P1P4\Sem_P1P4_79.wav,Sem_P1P4,2,Impulsive_Shocks_and_Structural,test
Sem_P1P4_8.wav,Base_de_Dados\Sem_P1P4\Sem_P1P4_8.wav,Sem_P1P4,2,Impulsive_Shocks_and_Structural,val
Sem_P1P4_80.wav,Base_de_Dados\Sem_P1P4\Sem_P1P4_80.wav,Sem_P1P4,2,Impulsive_Shocks_and_Structural,test
Sem_P1P4_81.wav,Base_de_Dados\Sem_P1P4\Sem_P1P4_81.wav,Sem_P1P4,2,Impulsive_Shocks_and_Structural,train
Sem_P1P4_82.wav,Base_de_Dados\Sem_P1P4\Sem_P1P4_82.wav,Sem_P1P4,2,Impulsive_Shocks_and_Structural,train
Sem_P1P4_83.wav,Base_de_Dados\Sem_P1P4\Sem_P1P4_83.wav,Sem_P1P4,2,Impulsive_Shocks_and_Structural,val
Sem_P1P4_84.wav,Base_de_Dados\Sem_P1P4\Sem_P1P4_84.wav,Sem_P1P4,2,Impulsive_Shocks_and_Structural,train
Sem_P1P4_85.wav,Base_de_Dados\Sem_P1P4\Sem_P1P4_85.wav,Sem_P1P4,2,Impulsive_Shocks_and_Structural,train
Sem_P1P4_86.wav,Base_de_Dados\Sem_P1P4\Sem_P1P4_86.wav,Sem_P1P4,2,Impulsive_Shocks_and_Structural,train
Sem_P1P4_87.wav,Base_de_Dados\Sem_P1P4\Sem_P1P4_87.wav,Sem_P1P4,2,Impulsive_Shocks_and_Structural,train
Sem_P1P4_88.wav,Base_de_Dados\Sem_P1P4\Sem_P1P4_88.wav,Sem_P1P4,2,Impulsive_Shocks_and_Structural,val
Sem_P1P4_89.wav,Base_de_Dados\Sem_P1P4\Sem_P1P4_89.wav,Sem_P1P4,2,Impulsive_Shocks_and_Structural,train
Sem_P1P4_9.wav,Base_de_Dados\Sem_P1P4\Sem_P1P4_9.wav,Sem_P1P4,2,Impulsive_Shocks_and_Structural,train
Sem_P1P4_90.wav,Base_de_Dados\Sem_P1P4\Sem_P1P4_90.wav,Sem_P1P4,2,Impulsive_Shocks_and_Structural,train
Sem_P1P4_91.wav,Base_de_Dados\Sem_P1P4\Sem_P1P4_91.wav,Sem_P1P4,2,Impulsive_Shocks_and_Structural,val
Sem_P1P4_92.wav,Base_de_Dados\Sem_P1P4\Sem_P1P4_92.wav,Sem_P1P4,2,Impulsive_Shocks_and_Structural,train
Sem_P1P4_93.wav,Base_de_Dados\Sem_P1P4\Sem_P1P4_93.wav,Sem_P1P4,2,Impulsive_Shocks_and_Structural,test
Sem_P1P4_94.wav,Base_de_Dados\Sem_P1P4\Sem_P1P4_94.wav,Sem_P1P4,2,Impulsive_Shocks_and_Structural,train
Sem_P1P4_95.wav,Base_de_Dados\Sem_P1P4\Sem_P1P4_95.wav,Sem_P1P4,2,Impulsive_Shocks_and_Structural,train
Sem_P1P4_96.wav,Base_de_Dados\Sem_P1P4\Sem_P1P4_96.wav,Sem_P1P4,2,Impulsive_Shocks_and_Structural,train
Sem_P1P4_97.wav,Base_de_Dados\Sem_P1P4\Sem_P1P4_97.wav,Sem_P1P4,2,Impulsive_Shocks_and_Structural,train
Sem_P1P4_98.wav,Base_de_Dados\Sem_P1P4\Sem_P1P4_98.wav,Sem_P1P4,2,Impulsive_Shocks_and_Structural,val
Sem_P1P4_99.wav,Base_de_Dados\Sem_P1P4\Sem_P1P4_99.wav,Sem_P1P4,2,Impulsive_Shocks_and_Structural,train
